2025-07-20 19:10:57,102 - INFO - Log file: ./logs\training_log_20250720_191057.log
2025-07-20 19:10:57,103 - INFO - Loading datasets...
2025-07-20 19:10:57,122 - INFO - Datasets successfully loaded.
2025-07-20 19:10:57,122 - INFO - Systematic training start | 54 configurations | 2025-07-20 19:10:57***
2025-07-20 19:10:57,122 - INFO - Model: resnet50
2025-07-20 19:10:57,123 - INFO - Config 1/54 | LR:0.0001 | Optimizer:adam | Depth:classifier_only
2025-07-20 19:10:57,124 - DEBUG - Preparing resnet50 with 2 classes and classifier_only depth.
2025-07-20 19:10:57,416 - DEBUG - ResNet50 model loaded with ImageNet weights
2025-07-20 19:10:57,416 - DEBUG - All parameters frozen...
2025-07-20 19:10:57,417 - DEBUG - Classifier replaced from 2048 to 2 features.
2025-07-20 19:10:57,417 - DEBUG - Classifier layer unfrozen...
2025-07-20 19:10:57,417 - DEBUG - Model resnet50 prepared for training...
2025-07-20 19:10:57,417 - DEBUG - **Initialising training for resnet50 with LR=0.0001, optimizer=adam, depth=classifier_only.
2025-07-20 19:10:57,540 - DEBUG - Optimizer adam initialised with 0.0001 learning rate.
2025-07-20 19:10:57,540 - DEBUG - Learning rate scheduler and early stopping initialised.
2025-07-20 19:10:57,540 - DEBUG - Starting training resnet50 on cuda for 5 epochs.
2025-07-20 19:10:57,540 - DEBUG - Epoch progress: 1/5
2025-07-20 19:10:57,540 - DEBUG - Starting model training epoch with 90 batches...
2025-07-20 19:13:06,110 - INFO - Training epoch completed: 128.6s | Training Loss:0.6745 | Training Accuracy=0.5782
2025-07-20 19:13:06,110 - DEBUG - Starting model validation epoch with 22 batches...
2025-07-20 19:13:53,366 - INFO - Validation epoch completed: 47.2s | Loss: 0.6677 | F1: 0.1280 | Acc: 0.5938
2025-07-20 19:13:53,366 - DEBUG - Precision=0.4038 | Recall=0.0761 | Specificity=0.9276 | ROC-AUC=0.5749
2025-07-20 19:13:53,367 - INFO - Epoch 1/5 completed in 175.8s | Val F1: 0.1280
2025-07-20 19:13:53,368 - DEBUG - **New best model saved with F1-score: 0.1280.**
2025-07-20 19:13:53,368 - DEBUG - Epoch progress: 2/5
2025-07-20 19:13:53,368 - DEBUG - Starting model training epoch with 90 batches...
2025-07-20 19:16:11,496 - INFO - Training epoch completed: 138.1s | Training Loss:0.6643 | Training Accuracy=0.5904
2025-07-20 19:16:11,497 - DEBUG - Starting model validation epoch with 22 batches...
2025-07-20 19:17:04,797 - INFO - Validation epoch completed: 53.3s | Loss: 0.6608 | F1: 0.1977 | Acc: 0.5966
2025-07-20 19:17:04,797 - DEBUG - Precision=0.4487 | Recall=0.1268 | Specificity=0.8995 | ROC-AUC=0.6077
2025-07-20 19:17:04,798 - INFO - Epoch 2/5 completed in 191.4s | Val F1: 0.1977
2025-07-20 19:17:04,800 - DEBUG - **New best model saved with F1-score: 0.1977.**
2025-07-20 19:17:04,800 - DEBUG - Epoch progress: 3/5
2025-07-20 19:17:04,800 - DEBUG - Starting model training epoch with 90 batches...
2025-07-20 19:19:32,497 - INFO - Training epoch completed: 147.7s | Training Loss:0.6575 | Training Accuracy=0.5995
2025-07-20 19:19:32,498 - DEBUG - Starting model validation epoch with 22 batches...
2025-07-20 19:20:24,486 - INFO - Validation epoch completed: 52.0s | Loss: 0.6548 | F1: 0.2077 | Acc: 0.5881
2025-07-20 19:20:24,486 - DEBUG - Precision=0.4222 | Recall=0.1377 | Specificity=0.8785 | ROC-AUC=0.6106
2025-07-20 19:20:24,486 - INFO - Epoch 3/5 completed in 199.7s | Val F1: 0.2077
2025-07-20 19:20:24,488 - DEBUG - **New best model saved with F1-score: 0.2077.**
2025-07-20 19:20:24,488 - DEBUG - Epoch progress: 4/5
2025-07-20 19:20:24,489 - DEBUG - Starting model training epoch with 90 batches...
2025-07-20 19:22:52,018 - INFO - Training epoch completed: 147.5s | Training Loss:0.6535 | Training Accuracy=0.6041
2025-07-20 19:22:52,019 - DEBUG - Starting model validation epoch with 22 batches...
2025-07-20 19:23:44,519 - INFO - Validation epoch completed: 52.5s | Loss: 0.6512 | F1: 0.1859 | Acc: 0.5895
2025-07-20 19:23:44,520 - DEBUG - Precision=0.4177 | Recall=0.1196 | Specificity=0.8925 | ROC-AUC=0.6140
2025-07-20 19:23:44,520 - INFO - Epoch 4/5 completed in 200.0s | Val F1: 0.1859
2025-07-20 19:23:44,520 - DEBUG - Epoch progress: 5/5
2025-07-20 19:23:44,520 - DEBUG - Starting model training epoch with 90 batches...
2025-07-20 19:26:12,833 - INFO - Training epoch completed: 148.3s | Training Loss:0.6518 | Training Accuracy=0.5985
2025-07-20 19:26:12,833 - DEBUG - Starting model validation epoch with 22 batches...
2025-07-20 19:27:00,197 - INFO - Validation epoch completed: 47.4s | Loss: 0.6545 | F1: 0.3814 | Acc: 0.5852
2025-07-20 19:27:00,197 - DEBUG - Precision=0.4592 | Recall=0.3261 | Specificity=0.7523 | ROC-AUC=0.6204
2025-07-20 19:27:00,197 - INFO - Epoch 5/5 completed in 195.7s | Val F1: 0.3814
2025-07-20 19:27:00,199 - DEBUG - **New best model saved with F1-score: 0.3814.**
2025-07-20 19:27:00,199 - INFO - **Training completed. Total time: 16.0 minutes | Best F1-score 0.3814
2025-07-20 19:27:00,199 - INFO - Result | F1:0.3813559322033898 | Epoch:4
2025-07-20 19:27:00,199 - INFO - New best for resnet50: F1=0.3814
2025-07-20 19:27:00,199 - INFO - Config 2/54 | LR:0.0001 | Optimizer:adam | Depth:last_layer
2025-07-20 19:27:00,199 - DEBUG - Preparing resnet50 with 2 classes and last_layer depth.
2025-07-20 19:27:00,430 - DEBUG - ResNet50 model loaded with ImageNet weights
2025-07-20 19:27:00,431 - DEBUG - All parameters frozen...
2025-07-20 19:27:00,431 - DEBUG - Classifier replaced from 2048 to 2 features.
2025-07-20 19:27:00,432 - DEBUG - Classifier layer unfrozen...
2025-07-20 19:27:00,432 - DEBUG - Resnet50 layer4 unfrozen for training...
2025-07-20 19:27:00,432 - DEBUG - Model resnet50 prepared for training...
2025-07-20 19:27:00,433 - DEBUG - **Initialising training for resnet50 with LR=0.0001, optimizer=adam, depth=last_layer.
2025-07-20 19:27:00,480 - DEBUG - Optimizer adam initialised with 0.0001 learning rate.
2025-07-20 19:27:00,480 - DEBUG - Learning rate scheduler and early stopping initialised.
2025-07-20 19:27:00,480 - DEBUG - Starting training resnet50 on cuda for 5 epochs.
2025-07-20 19:27:00,480 - DEBUG - Epoch progress: 1/5
2025-07-20 19:27:00,482 - DEBUG - Starting model training epoch with 90 batches...
2025-07-20 19:29:10,628 - INFO - Training epoch completed: 130.1s | Training Loss:0.6407 | Training Accuracy=0.6107
2025-07-20 19:29:10,629 - DEBUG - Starting model validation epoch with 22 batches...
2025-07-20 19:29:58,320 - INFO - Validation epoch completed: 47.7s | Loss: 0.6301 | F1: 0.5035 | Acc: 0.5966
2025-07-20 19:29:58,320 - DEBUG - Precision=0.4865 | Recall=0.5217 | Specificity=0.6449 | ROC-AUC=0.6394
2025-07-20 19:29:58,320 - INFO - Epoch 1/5 completed in 177.8s | Val F1: 0.5035
2025-07-20 19:29:58,321 - DEBUG - **New best model saved with F1-score: 0.5035.**
2025-07-20 19:29:58,322 - DEBUG - Epoch progress: 2/5
2025-07-20 19:29:58,323 - DEBUG - Starting model training epoch with 90 batches...
2025-07-20 19:32:22,845 - INFO - Training epoch completed: 144.5s | Training Loss:0.6002 | Training Accuracy=0.6550
2025-07-20 19:32:22,846 - DEBUG - Starting model validation epoch with 22 batches...
2025-07-20 19:33:15,281 - INFO - Validation epoch completed: 52.4s | Loss: 0.6410 | F1: 0.5457 | Acc: 0.5980
2025-07-20 19:33:15,281 - DEBUG - Precision=0.4899 | Recall=0.6159 | Specificity=0.5864 | ROC-AUC=0.6451
2025-07-20 19:33:15,281 - INFO - Epoch 2/5 completed in 197.0s | Val F1: 0.5457
2025-07-20 19:33:15,283 - DEBUG - **New best model saved with F1-score: 0.5457.**
2025-07-20 19:33:15,283 - DEBUG - Epoch progress: 3/5
2025-07-20 19:33:15,285 - DEBUG - Starting model training epoch with 90 batches...
2025-07-20 19:35:44,531 - INFO - Training epoch completed: 149.2s | Training Loss:0.5742 | Training Accuracy=0.6718
2025-07-20 19:35:44,531 - DEBUG - Starting model validation epoch with 22 batches...
2025-07-20 19:36:36,465 - INFO - Validation epoch completed: 51.9s | Loss: 0.6230 | F1: 0.4952 | Acc: 0.6236
2025-07-20 19:36:36,466 - DEBUG - Precision=0.5221 | Recall=0.4710 | Specificity=0.7220 | ROC-AUC=0.6760
2025-07-20 19:36:36,466 - INFO - Epoch 3/5 completed in 201.2s | Val F1: 0.4952
2025-07-20 19:36:36,466 - DEBUG - Epoch progress: 4/5
2025-07-20 19:36:36,467 - DEBUG - Starting model training epoch with 90 batches...
2025-07-20 19:39:06,119 - INFO - Training epoch completed: 149.7s | Training Loss:0.5674 | Training Accuracy=0.6763
2025-07-20 19:39:06,120 - DEBUG - Starting model validation epoch with 22 batches...
2025-07-20 19:40:06,286 - INFO - Validation epoch completed: 60.2s | Loss: 0.6139 | F1: 0.5705 | Acc: 0.6108
2025-07-20 19:40:06,286 - DEBUG - Precision=0.5028 | Recall=0.6594 | Specificity=0.5794 | ROC-AUC=0.6810
2025-07-20 19:40:06,286 - INFO - Epoch 4/5 completed in 209.8s | Val F1: 0.5705
2025-07-20 19:40:06,288 - DEBUG - **New best model saved with F1-score: 0.5705.**
2025-07-20 19:40:06,288 - DEBUG - Epoch progress: 5/5
2025-07-20 19:40:06,289 - DEBUG - Starting model training epoch with 90 batches...
2025-07-20 19:42:33,668 - INFO - Training epoch completed: 147.4s | Training Loss:0.5487 | Training Accuracy=0.6931
2025-07-20 19:42:33,669 - DEBUG - Starting model validation epoch with 22 batches...
2025-07-20 19:43:25,930 - INFO - Validation epoch completed: 52.2s | Loss: 0.6932 | F1: 0.6211 | Acc: 0.5824
2025-07-20 19:43:25,930 - DEBUG - Precision=0.4820 | Recall=0.8732 | Specificity=0.3949 | ROC-AUC=0.6863
2025-07-20 19:43:25,930 - INFO - Epoch 5/5 completed in 199.6s | Val F1: 0.6211
2025-07-20 19:43:25,932 - DEBUG - **New best model saved with F1-score: 0.6211.**
2025-07-20 19:43:25,932 - INFO - **Training completed. Total time: 16.4 minutes | Best F1-score 0.6211
2025-07-20 19:43:25,932 - INFO - Result | F1:0.6211340206185567 | Epoch:4
2025-07-20 19:43:25,933 - INFO - New best for resnet50: F1=0.6211
2025-07-20 19:43:25,933 - INFO - Config 3/54 | LR:0.0001 | Optimizer:adam | Depth:last_2_layers
2025-07-20 19:43:25,933 - DEBUG - Preparing resnet50 with 2 classes and last_2_layers depth.
2025-07-20 19:43:26,216 - DEBUG - ResNet50 model loaded with ImageNet weights
2025-07-20 19:43:26,217 - DEBUG - All parameters frozen...
2025-07-20 19:43:26,217 - DEBUG - Classifier replaced from 2048 to 2 features.
2025-07-20 19:43:26,217 - DEBUG - Classifier layer unfrozen...
2025-07-20 19:43:26,217 - DEBUG - Resnet50 layer4 and layer3 unfrozen for training...
2025-07-20 19:43:26,217 - DEBUG - Model resnet50 prepared for training...
2025-07-20 19:43:26,218 - DEBUG - **Initialising training for resnet50 with LR=0.0001, optimizer=adam, depth=last_2_layers.
2025-07-20 19:43:26,238 - DEBUG - Optimizer adam initialised with 0.0001 learning rate.
2025-07-20 19:43:26,238 - DEBUG - Learning rate scheduler and early stopping initialised.
2025-07-20 19:43:26,239 - DEBUG - Starting training resnet50 on cuda for 5 epochs.
2025-07-20 19:43:26,239 - DEBUG - Epoch progress: 1/5
2025-07-20 19:43:26,239 - DEBUG - Starting model training epoch with 90 batches...
2025-07-20 19:45:38,595 - INFO - Training epoch completed: 132.4s | Training Loss:0.6316 | Training Accuracy=0.6163
2025-07-20 19:45:38,596 - DEBUG - Starting model validation epoch with 22 batches...
2025-07-20 19:46:30,993 - INFO - Validation epoch completed: 52.4s | Loss: 0.6387 | F1: 0.5435 | Acc: 0.5824
2025-07-20 19:46:30,993 - DEBUG - Precision=0.4755 | Recall=0.6341 | Specificity=0.5491 | ROC-AUC=0.6392
2025-07-20 19:46:30,994 - INFO - Epoch 1/5 completed in 184.8s | Val F1: 0.5435
2025-07-20 19:46:30,995 - DEBUG - **New best model saved with F1-score: 0.5435.**
2025-07-20 19:46:30,995 - DEBUG - Epoch progress: 2/5
2025-07-20 19:46:30,996 - DEBUG - Starting model training epoch with 90 batches...
2025-07-20 19:48:57,321 - INFO - Training epoch completed: 146.3s | Training Loss:0.5848 | Training Accuracy=0.6655
2025-07-20 19:48:57,321 - DEBUG - Starting model validation epoch with 22 batches...
2025-07-20 19:49:49,222 - INFO - Validation epoch completed: 51.9s | Loss: 0.6315 | F1: 0.5641 | Acc: 0.6136
2025-07-20 19:49:49,223 - DEBUG - Precision=0.5057 | Recall=0.6377 | Specificity=0.5981 | ROC-AUC=0.6733
2025-07-20 19:49:49,223 - INFO - Epoch 2/5 completed in 198.2s | Val F1: 0.5641
2025-07-20 19:49:49,224 - DEBUG - **New best model saved with F1-score: 0.5641.**
2025-07-20 19:49:49,224 - DEBUG - Epoch progress: 3/5
2025-07-20 19:49:49,225 - DEBUG - Starting model training epoch with 90 batches...
2025-07-20 19:52:16,388 - INFO - Training epoch completed: 147.2s | Training Loss:0.5713 | Training Accuracy=0.6882
2025-07-20 19:52:16,389 - DEBUG - Starting model validation epoch with 22 batches...
2025-07-20 19:53:08,889 - INFO - Validation epoch completed: 52.5s | Loss: 0.6370 | F1: 0.5811 | Acc: 0.6293
2025-07-20 19:53:08,889 - DEBUG - Precision=0.5216 | Recall=0.6558 | Specificity=0.6121 | ROC-AUC=0.6831
2025-07-20 19:53:08,889 - INFO - Epoch 3/5 completed in 199.7s | Val F1: 0.5811
2025-07-20 19:53:08,891 - DEBUG - **New best model saved with F1-score: 0.5811.**
2025-07-20 19:53:08,891 - DEBUG - Epoch progress: 4/5
2025-07-20 19:53:08,892 - DEBUG - Starting model training epoch with 90 batches...
2025-07-20 19:55:36,435 - INFO - Training epoch completed: 147.5s | Training Loss:0.5460 | Training Accuracy=0.6969
2025-07-20 19:55:36,436 - DEBUG - Starting model validation epoch with 22 batches...
2025-07-20 19:56:29,770 - INFO - Validation epoch completed: 53.3s | Loss: 0.6340 | F1: 0.5978 | Acc: 0.6293
2025-07-20 19:56:29,770 - DEBUG - Precision=0.5201 | Recall=0.7029 | Specificity=0.5818 | ROC-AUC=0.6995
2025-07-20 19:56:29,771 - INFO - Epoch 4/5 completed in 200.9s | Val F1: 0.5978
2025-07-20 19:56:29,773 - DEBUG - **New best model saved with F1-score: 0.5978.**
2025-07-20 19:56:29,773 - DEBUG - Epoch progress: 5/5
2025-07-20 19:56:29,774 - DEBUG - Starting model training epoch with 90 batches...
2025-07-20 19:58:58,549 - INFO - Training epoch completed: 148.8s | Training Loss:0.5343 | Training Accuracy=0.7147
2025-07-20 19:58:58,549 - DEBUG - Starting model validation epoch with 22 batches...
2025-07-20 19:59:51,132 - INFO - Validation epoch completed: 52.6s | Loss: 0.6277 | F1: 0.5422 | Acc: 0.6378
2025-07-20 19:59:51,132 - DEBUG - Precision=0.5374 | Recall=0.5471 | Specificity=0.6963 | ROC-AUC=0.6973
2025-07-20 19:59:51,132 - INFO - Epoch 5/5 completed in 201.4s | Val F1: 0.5422
2025-07-20 19:59:51,132 - INFO - **Training completed. Total time: 16.4 minutes | Best F1-score 0.5422
2025-07-20 19:59:51,133 - INFO - Result | F1:0.5978428351309707 | Epoch:3
2025-07-20 19:59:51,133 - INFO - Config 4/54 | LR:0.0001 | Optimizer:adamw | Depth:classifier_only
2025-07-20 19:59:51,133 - DEBUG - Preparing resnet50 with 2 classes and classifier_only depth.
2025-07-20 19:59:51,386 - DEBUG - ResNet50 model loaded with ImageNet weights
2025-07-20 19:59:51,387 - DEBUG - All parameters frozen...
2025-07-20 19:59:51,387 - DEBUG - Classifier replaced from 2048 to 2 features.
2025-07-20 19:59:51,387 - DEBUG - Classifier layer unfrozen...
2025-07-20 19:59:51,387 - DEBUG - Model resnet50 prepared for training...
2025-07-20 19:59:51,388 - DEBUG - **Initialising training for resnet50 with LR=0.0001, optimizer=adamw, depth=classifier_only.
2025-07-20 19:59:51,414 - DEBUG - Optimizer adamw initialised with 0.0001 learning rate.
2025-07-20 19:59:51,414 - DEBUG - Learning rate scheduler and early stopping initialised.
2025-07-20 19:59:51,415 - DEBUG - Starting training resnet50 on cuda for 5 epochs.
2025-07-20 19:59:51,415 - DEBUG - Epoch progress: 1/5
2025-07-20 19:59:51,416 - DEBUG - Starting model training epoch with 90 batches...
2025-07-20 20:02:21,217 - INFO - Training epoch completed: 149.8s | Training Loss:0.6770 | Training Accuracy=0.5786
2025-07-20 20:02:21,217 - DEBUG - Starting model validation epoch with 22 batches...
2025-07-20 20:03:15,511 - INFO - Validation epoch completed: 54.3s | Loss: 0.6608 | F1: 0.0144 | Acc: 0.6108
2025-07-20 20:03:15,511 - DEBUG - Precision=1.0000 | Recall=0.0072 | Specificity=1.0000 | ROC-AUC=0.6000
2025-07-20 20:03:15,511 - INFO - Epoch 1/5 completed in 204.1s | Val F1: 0.0144
2025-07-20 20:03:15,513 - DEBUG - **New best model saved with F1-score: 0.0144.**
2025-07-20 20:03:15,513 - DEBUG - Epoch progress: 2/5
2025-07-20 20:03:15,514 - DEBUG - Starting model training epoch with 90 batches...
2025-07-20 20:05:30,193 - INFO - Training epoch completed: 134.7s | Training Loss:0.6643 | Training Accuracy=0.5911
2025-07-20 20:05:30,194 - DEBUG - Starting model validation epoch with 22 batches...
2025-07-20 20:06:18,095 - INFO - Validation epoch completed: 47.9s | Loss: 0.6532 | F1: 0.0924 | Acc: 0.6094
2025-07-20 20:06:18,095 - DEBUG - Precision=0.5185 | Recall=0.0507 | Specificity=0.9696 | ROC-AUC=0.6185
2025-07-20 20:06:18,095 - INFO - Epoch 2/5 completed in 182.6s | Val F1: 0.0924
2025-07-20 20:06:18,097 - DEBUG - **New best model saved with F1-score: 0.0924.**
2025-07-20 20:06:18,097 - DEBUG - Epoch progress: 3/5
2025-07-20 20:06:18,098 - DEBUG - Starting model training epoch with 90 batches...
2025-07-20 20:08:30,558 - INFO - Training epoch completed: 132.5s | Training Loss:0.6601 | Training Accuracy=0.5932
2025-07-20 20:08:30,559 - DEBUG - Starting model validation epoch with 22 batches...
2025-07-20 20:09:18,934 - INFO - Validation epoch completed: 48.4s | Loss: 0.6498 | F1: 0.1851 | Acc: 0.6122
2025-07-20 20:09:18,935 - DEBUG - Precision=0.5254 | Recall=0.1123 | Specificity=0.9346 | ROC-AUC=0.6224
2025-07-20 20:09:18,935 - INFO - Epoch 3/5 completed in 180.8s | Val F1: 0.1851
2025-07-20 20:09:18,937 - DEBUG - **New best model saved with F1-score: 0.1851.**
2025-07-20 20:09:18,937 - DEBUG - Epoch progress: 4/5
2025-07-20 20:09:18,937 - DEBUG - Starting model training epoch with 90 batches...
2025-07-20 20:11:30,327 - INFO - Training epoch completed: 131.4s | Training Loss:0.6535 | Training Accuracy=0.6054
2025-07-20 20:11:30,327 - DEBUG - Starting model validation epoch with 22 batches...
2025-07-20 20:12:25,543 - INFO - Validation epoch completed: 55.2s | Loss: 0.6465 | F1: 0.2159 | Acc: 0.6080
2025-07-20 20:12:25,543 - DEBUG - Precision=0.5000 | Recall=0.1377 | Specificity=0.9112 | ROC-AUC=0.6310
2025-07-20 20:12:25,544 - INFO - Epoch 4/5 completed in 186.6s | Val F1: 0.2159
2025-07-20 20:12:25,547 - DEBUG - **New best model saved with F1-score: 0.2159.**
2025-07-20 20:12:25,547 - DEBUG - Epoch progress: 5/5
2025-07-20 20:12:25,548 - DEBUG - Starting model training epoch with 90 batches...
2025-07-20 20:16:01,462 - INFO - Training epoch completed: 215.9s | Training Loss:0.6496 | Training Accuracy=0.5978
2025-07-20 20:16:01,463 - DEBUG - Starting model validation epoch with 22 batches...
2025-07-20 20:17:23,154 - INFO - Validation epoch completed: 81.7s | Loss: 0.6487 | F1: 0.3118 | Acc: 0.5923
2025-07-20 20:17:23,155 - DEBUG - Precision=0.4610 | Recall=0.2355 | Specificity=0.8224 | ROC-AUC=0.6277
2025-07-20 20:17:23,155 - INFO - Epoch 5/5 completed in 297.6s | Val F1: 0.3118
2025-07-20 20:17:23,158 - DEBUG - **New best model saved with F1-score: 0.3118.**
2025-07-20 20:17:23,158 - INFO - **Training completed. Total time: 17.5 minutes | Best F1-score 0.3118
2025-07-20 20:17:23,159 - INFO - Result | F1:0.3117505995203837 | Epoch:4
2025-07-20 20:17:23,160 - INFO - Config 5/54 | LR:0.0001 | Optimizer:adamw | Depth:last_layer
2025-07-20 20:17:23,160 - DEBUG - Preparing resnet50 with 2 classes and last_layer depth.
2025-07-20 20:17:23,581 - DEBUG - ResNet50 model loaded with ImageNet weights
2025-07-20 20:17:23,583 - DEBUG - All parameters frozen...
2025-07-20 20:17:23,583 - DEBUG - Classifier replaced from 2048 to 2 features.
2025-07-20 20:17:23,584 - DEBUG - Classifier layer unfrozen...
2025-07-20 20:17:23,584 - DEBUG - Resnet50 layer4 unfrozen for training...
2025-07-20 20:17:23,584 - DEBUG - Model resnet50 prepared for training...
2025-07-20 20:17:23,585 - DEBUG - **Initialising training for resnet50 with LR=0.0001, optimizer=adamw, depth=last_layer.
2025-07-20 20:17:23,623 - DEBUG - Optimizer adamw initialised with 0.0001 learning rate.
2025-07-20 20:17:23,623 - DEBUG - Learning rate scheduler and early stopping initialised.
2025-07-20 20:17:23,624 - DEBUG - Starting training resnet50 on cuda for 5 epochs.
2025-07-20 20:17:23,624 - DEBUG - Epoch progress: 1/5
2025-07-20 20:17:23,625 - DEBUG - Starting model training epoch with 90 batches...
2025-07-20 20:21:20,813 - INFO - Training epoch completed: 237.2s | Training Loss:0.6557 | Training Accuracy=0.5890
2025-07-20 20:21:20,815 - DEBUG - Starting model validation epoch with 22 batches...
2025-07-20 20:22:47,459 - INFO - Validation epoch completed: 86.6s | Loss: 0.6303 | F1: 0.3890 | Acc: 0.5895
2025-07-20 20:22:47,460 - DEBUG - Precision=0.4670 | Recall=0.3333 | Specificity=0.7547 | ROC-AUC=0.6456
2025-07-20 20:22:47,460 - INFO - Epoch 1/5 completed in 323.8s | Val F1: 0.3890
2025-07-20 20:22:47,462 - DEBUG - **New best model saved with F1-score: 0.3890.**
2025-07-20 20:22:47,463 - DEBUG - Epoch progress: 2/5
2025-07-20 20:22:47,464 - DEBUG - Starting model training epoch with 90 batches...
2025-07-20 20:26:40,335 - INFO - Training epoch completed: 232.9s | Training Loss:0.6051 | Training Accuracy=0.6508
2025-07-20 20:26:40,337 - DEBUG - Starting model validation epoch with 22 batches...
2025-07-20 20:28:02,443 - INFO - Validation epoch completed: 82.1s | Loss: 0.6186 | F1: 0.5267 | Acc: 0.6094
2025-07-20 20:28:02,443 - DEBUG - Precision=0.5016 | Recall=0.5543 | Specificity=0.6449 | ROC-AUC=0.6620
2025-07-20 20:28:02,444 - INFO - Epoch 2/5 completed in 315.0s | Val F1: 0.5267
2025-07-20 20:28:02,446 - DEBUG - **New best model saved with F1-score: 0.5267.**
2025-07-20 20:28:02,446 - DEBUG - Epoch progress: 3/5
2025-07-20 20:28:02,448 - DEBUG - Starting model training epoch with 90 batches...
2025-07-20 20:31:37,337 - INFO - Training epoch completed: 214.9s | Training Loss:0.5691 | Training Accuracy=0.6802
2025-07-20 20:31:37,338 - DEBUG - Starting model validation epoch with 22 batches...
2025-07-20 20:33:01,612 - INFO - Validation epoch completed: 84.3s | Loss: 0.6296 | F1: 0.5595 | Acc: 0.6108
2025-07-20 20:33:01,613 - DEBUG - Precision=0.5029 | Recall=0.6304 | Specificity=0.5981 | ROC-AUC=0.6783
2025-07-20 20:33:01,613 - INFO - Epoch 3/5 completed in 299.2s | Val F1: 0.5595
2025-07-20 20:33:01,616 - DEBUG - **New best model saved with F1-score: 0.5595.**
2025-07-20 20:33:01,616 - DEBUG - Epoch progress: 4/5
2025-07-20 20:33:01,617 - DEBUG - Starting model training epoch with 90 batches...
2025-07-20 20:36:51,988 - INFO - Training epoch completed: 230.4s | Training Loss:0.5667 | Training Accuracy=0.6858
2025-07-20 20:36:51,989 - DEBUG - Starting model validation epoch with 22 batches...
2025-07-20 20:38:15,657 - INFO - Validation epoch completed: 83.7s | Loss: 0.6392 | F1: 0.5686 | Acc: 0.6250
2025-07-20 20:38:15,657 - DEBUG - Precision=0.5179 | Recall=0.6304 | Specificity=0.6215 | ROC-AUC=0.6876
2025-07-20 20:38:15,658 - INFO - Epoch 4/5 completed in 314.0s | Val F1: 0.5686
2025-07-20 20:38:15,660 - DEBUG - **New best model saved with F1-score: 0.5686.**
2025-07-20 20:38:15,660 - DEBUG - Epoch progress: 5/5
2025-07-20 20:38:15,661 - DEBUG - Starting model training epoch with 90 batches...
2025-07-20 20:42:04,095 - INFO - Training epoch completed: 228.4s | Training Loss:0.5504 | Training Accuracy=0.7032
2025-07-20 20:42:04,097 - DEBUG - Starting model validation epoch with 22 batches...
2025-07-20 20:43:28,988 - INFO - Validation epoch completed: 84.9s | Loss: 0.6461 | F1: 0.5564 | Acc: 0.6534
2025-07-20 20:43:28,988 - DEBUG - Precision=0.5584 | Recall=0.5543 | Specificity=0.7173 | ROC-AUC=0.6819
2025-07-20 20:43:28,989 - INFO - Epoch 5/5 completed in 313.3s | Val F1: 0.5564
2025-07-20 20:43:28,989 - INFO - **Training completed. Total time: 26.1 minutes | Best F1-score 0.5564
2025-07-20 20:43:28,990 - INFO - Result | F1:0.5686274509803921 | Epoch:3
2025-07-20 20:43:28,990 - INFO - Config 6/54 | LR:0.0001 | Optimizer:adamw | Depth:last_2_layers
2025-07-20 20:43:28,990 - DEBUG - Preparing resnet50 with 2 classes and last_2_layers depth.
2025-07-20 20:43:29,409 - DEBUG - ResNet50 model loaded with ImageNet weights
2025-07-20 20:43:29,410 - DEBUG - All parameters frozen...
2025-07-20 20:43:29,410 - DEBUG - Classifier replaced from 2048 to 2 features.
2025-07-20 20:43:29,410 - DEBUG - Classifier layer unfrozen...
2025-07-20 20:43:29,411 - DEBUG - Resnet50 layer4 and layer3 unfrozen for training...
2025-07-20 20:43:29,411 - DEBUG - Model resnet50 prepared for training...
2025-07-20 20:43:29,412 - DEBUG - **Initialising training for resnet50 with LR=0.0001, optimizer=adamw, depth=last_2_layers.
2025-07-20 20:43:29,461 - DEBUG - Optimizer adamw initialised with 0.0001 learning rate.
2025-07-20 20:43:29,462 - DEBUG - Learning rate scheduler and early stopping initialised.
2025-07-20 20:43:29,462 - DEBUG - Starting training resnet50 on cuda for 5 epochs.
2025-07-20 20:43:29,462 - DEBUG - Epoch progress: 1/5
2025-07-20 20:43:29,463 - DEBUG - Starting model training epoch with 90 batches...
2025-07-20 20:47:16,611 - INFO - Training epoch completed: 227.1s | Training Loss:0.6429 | Training Accuracy=0.6044
2025-07-20 20:47:16,612 - DEBUG - Starting model validation epoch with 22 batches...
2025-07-20 20:48:42,810 - INFO - Validation epoch completed: 86.2s | Loss: 0.6411 | F1: 0.3673 | Acc: 0.5938
2025-07-20 20:48:42,811 - DEBUG - Precision=0.4716 | Recall=0.3007 | Specificity=0.7827 | ROC-AUC=0.6367
2025-07-20 20:48:42,811 - INFO - Epoch 1/5 completed in 313.3s | Val F1: 0.3673
2025-07-20 20:48:42,813 - DEBUG - **New best model saved with F1-score: 0.3673.**
2025-07-20 20:48:42,813 - DEBUG - Epoch progress: 2/5
2025-07-20 20:48:42,814 - DEBUG - Starting model training epoch with 90 batches...
2025-07-20 20:52:17,241 - INFO - Training epoch completed: 214.4s | Training Loss:0.5906 | Training Accuracy=0.6652
2025-07-20 20:52:17,242 - DEBUG - Starting model validation epoch with 22 batches...
2025-07-20 20:53:09,122 - INFO - Validation epoch completed: 51.9s | Loss: 0.6166 | F1: 0.5057 | Acc: 0.6307
2025-07-20 20:53:09,122 - DEBUG - Precision=0.5320 | Recall=0.4819 | Specificity=0.7266 | ROC-AUC=0.6754
2025-07-20 20:53:09,123 - INFO - Epoch 2/5 completed in 266.3s | Val F1: 0.5057
2025-07-20 20:53:09,124 - DEBUG - **New best model saved with F1-score: 0.5057.**
2025-07-20 20:53:09,124 - DEBUG - Epoch progress: 3/5
2025-07-20 20:53:09,125 - DEBUG - Starting model training epoch with 90 batches...
2025-07-20 20:55:37,383 - INFO - Training epoch completed: 148.3s | Training Loss:0.5633 | Training Accuracy=0.6858
2025-07-20 20:55:37,385 - DEBUG - Starting model validation epoch with 22 batches...
2025-07-20 20:56:29,585 - INFO - Validation epoch completed: 52.2s | Loss: 0.6662 | F1: 0.6050 | Acc: 0.5994
2025-07-20 20:56:29,585 - DEBUG - Precision=0.4932 | Recall=0.7826 | Specificity=0.4813 | ROC-AUC=0.6728
2025-07-20 20:56:29,586 - INFO - Epoch 3/5 completed in 200.5s | Val F1: 0.6050
2025-07-20 20:56:29,587 - DEBUG - **New best model saved with F1-score: 0.6050.**
2025-07-20 20:56:29,587 - DEBUG - Epoch progress: 4/5
2025-07-20 20:56:29,588 - DEBUG - Starting model training epoch with 90 batches...
2025-07-20 20:58:58,293 - INFO - Training epoch completed: 148.7s | Training Loss:0.5566 | Training Accuracy=0.6952
2025-07-20 20:58:58,294 - DEBUG - Starting model validation epoch with 22 batches...
2025-07-20 20:59:49,930 - INFO - Validation epoch completed: 51.6s | Loss: 0.6817 | F1: 0.6014 | Acc: 0.6009
2025-07-20 20:59:49,930 - DEBUG - Precision=0.4942 | Recall=0.7681 | Specificity=0.4930 | ROC-AUC=0.6836
2025-07-20 20:59:49,930 - INFO - Epoch 4/5 completed in 200.3s | Val F1: 0.6014
2025-07-20 20:59:49,930 - DEBUG - Epoch progress: 5/5
2025-07-20 20:59:49,932 - DEBUG - Starting model training epoch with 90 batches...
2025-07-20 21:02:16,600 - INFO - Training epoch completed: 146.7s | Training Loss:0.5282 | Training Accuracy=0.7147
2025-07-20 21:02:16,601 - DEBUG - Starting model validation epoch with 22 batches...
2025-07-20 21:03:09,749 - INFO - Validation epoch completed: 53.1s | Loss: 0.5807 | F1: 0.5488 | Acc: 0.6520
2025-07-20 21:03:09,749 - DEBUG - Precision=0.5581 | Recall=0.5399 | Specificity=0.7243 | ROC-AUC=0.7332
2025-07-20 21:03:09,749 - INFO - Epoch 5/5 completed in 199.8s | Val F1: 0.5488
2025-07-20 21:03:09,749 - INFO - **Training completed. Total time: 19.7 minutes | Best F1-score 0.5488
2025-07-20 21:03:09,750 - INFO - Result | F1:0.6050420168067226 | Epoch:2
2025-07-20 21:03:09,750 - INFO - Config 7/54 | LR:0.0001 | Optimizer:sgd | Depth:classifier_only
2025-07-20 21:03:09,750 - DEBUG - Preparing resnet50 with 2 classes and classifier_only depth.
2025-07-20 21:03:10,013 - DEBUG - ResNet50 model loaded with ImageNet weights
2025-07-20 21:03:10,014 - DEBUG - All parameters frozen...
2025-07-20 21:03:10,014 - DEBUG - Classifier replaced from 2048 to 2 features.
2025-07-20 21:03:10,014 - DEBUG - Classifier layer unfrozen...
2025-07-20 21:03:10,014 - DEBUG - Model resnet50 prepared for training...
2025-07-20 21:03:10,015 - DEBUG - **Initialising training for resnet50 with LR=0.0001, optimizer=sgd, depth=classifier_only.
2025-07-20 21:03:10,038 - DEBUG - Optimizer sgd initialised with 0.0001 learning rate.
2025-07-20 21:03:10,039 - DEBUG - Learning rate scheduler and early stopping initialised.
2025-07-20 21:03:10,039 - DEBUG - Starting training resnet50 on cuda for 5 epochs.
2025-07-20 21:03:10,039 - DEBUG - Epoch progress: 1/5
2025-07-20 21:03:10,040 - DEBUG - Starting model training epoch with 90 batches...
2025-07-20 21:05:39,866 - INFO - Training epoch completed: 149.8s | Training Loss:0.7005 | Training Accuracy=0.4839
2025-07-20 21:05:39,868 - DEBUG - Starting model validation epoch with 22 batches...
2025-07-20 21:06:32,374 - INFO - Validation epoch completed: 52.5s | Loss: 0.6831 | F1: 0.1913 | Acc: 0.6037
2025-07-20 21:06:32,374 - DEBUG - Precision=0.4783 | Recall=0.1196 | Specificity=0.9159 | ROC-AUC=0.4943
2025-07-20 21:06:32,374 - INFO - Epoch 1/5 completed in 202.3s | Val F1: 0.1913
2025-07-20 21:06:32,376 - DEBUG - **New best model saved with F1-score: 0.1913.**
2025-07-20 21:06:32,376 - DEBUG - Epoch progress: 2/5
2025-07-20 21:06:32,377 - DEBUG - Starting model training epoch with 90 batches...
2025-07-20 21:09:00,410 - INFO - Training epoch completed: 148.0s | Training Loss:0.6771 | Training Accuracy=0.5880
2025-07-20 21:09:00,411 - DEBUG - Starting model validation epoch with 22 batches...
2025-07-20 21:09:52,698 - INFO - Validation epoch completed: 52.3s | Loss: 0.6700 | F1: 0.0285 | Acc: 0.6122
2025-07-20 21:09:52,698 - DEBUG - Precision=0.8000 | Recall=0.0145 | Specificity=0.9977 | ROC-AUC=0.5353
2025-07-20 21:09:52,698 - INFO - Epoch 2/5 completed in 200.3s | Val F1: 0.0285
2025-07-20 21:09:52,698 - DEBUG - Epoch progress: 3/5
2025-07-20 21:09:52,700 - DEBUG - Starting model training epoch with 90 batches...
2025-07-20 21:12:20,242 - INFO - Training epoch completed: 147.5s | Training Loss:0.6759 | Training Accuracy=0.5883
2025-07-20 21:12:20,243 - DEBUG - Starting model validation epoch with 22 batches...
2025-07-20 21:13:09,653 - INFO - Validation epoch completed: 49.4s | Loss: 0.6690 | F1: 0.0144 | Acc: 0.6108
2025-07-20 21:13:09,653 - DEBUG - Precision=1.0000 | Recall=0.0072 | Specificity=1.0000 | ROC-AUC=0.5406
2025-07-20 21:13:09,654 - INFO - Epoch 3/5 completed in 197.0s | Val F1: 0.0144
2025-07-20 21:13:09,654 - DEBUG - Epoch progress: 4/5
2025-07-20 21:13:09,654 - DEBUG - Starting model training epoch with 90 batches...
2025-07-20 21:15:22,962 - INFO - Training epoch completed: 133.3s | Training Loss:0.6722 | Training Accuracy=0.5876
2025-07-20 21:15:22,963 - DEBUG - Starting model validation epoch with 22 batches...
2025-07-20 21:16:10,205 - INFO - Validation epoch completed: 47.2s | Loss: 0.6661 | F1: 0.0143 | Acc: 0.6094
2025-07-20 21:16:10,206 - DEBUG - Precision=0.6667 | Recall=0.0072 | Specificity=0.9977 | ROC-AUC=0.5571
2025-07-20 21:16:10,206 - INFO - Epoch 4/5 completed in 180.6s | Val F1: 0.0143
2025-07-20 21:16:10,206 - DEBUG - Epoch progress: 5/5
2025-07-20 21:16:10,206 - DEBUG - Starting model training epoch with 90 batches...
2025-07-20 21:18:22,766 - INFO - Training epoch completed: 132.6s | Training Loss:0.6716 | Training Accuracy=0.5880
2025-07-20 21:18:22,768 - DEBUG - Starting model validation epoch with 22 batches...
2025-07-20 21:19:15,273 - INFO - Validation epoch completed: 52.5s | Loss: 0.6636 | F1: 0.0215 | Acc: 0.6122
2025-07-20 21:19:15,273 - DEBUG - Precision=1.0000 | Recall=0.0109 | Specificity=1.0000 | ROC-AUC=0.5732
2025-07-20 21:19:15,273 - INFO - Learning rate changed from 0.000100 to 0.000050
2025-07-20 21:19:15,274 - INFO - Epoch 5/5 completed in 185.1s | Val F1: 0.0215
2025-07-20 21:19:15,274 - INFO - **Training completed. Total time: 16.1 minutes | Best F1-score 0.0215
2025-07-20 21:19:15,275 - INFO - Result | F1:0.19130434782608696 | Epoch:0
2025-07-20 21:19:15,275 - INFO - Config 8/54 | LR:0.0001 | Optimizer:sgd | Depth:last_layer
2025-07-20 21:19:15,275 - DEBUG - Preparing resnet50 with 2 classes and last_layer depth.
2025-07-20 21:19:15,520 - DEBUG - ResNet50 model loaded with ImageNet weights
2025-07-20 21:19:15,521 - DEBUG - All parameters frozen...
2025-07-20 21:19:15,522 - DEBUG - Classifier replaced from 2048 to 2 features.
2025-07-20 21:19:15,522 - DEBUG - Classifier layer unfrozen...
2025-07-20 21:19:15,522 - DEBUG - Resnet50 layer4 unfrozen for training...
2025-07-20 21:19:15,522 - DEBUG - Model resnet50 prepared for training...
2025-07-20 21:19:15,522 - DEBUG - **Initialising training for resnet50 with LR=0.0001, optimizer=sgd, depth=last_layer.
2025-07-20 21:19:15,553 - DEBUG - Optimizer sgd initialised with 0.0001 learning rate.
2025-07-20 21:19:15,553 - DEBUG - Learning rate scheduler and early stopping initialised.
2025-07-20 21:19:15,553 - DEBUG - Starting training resnet50 on cuda for 5 epochs.
2025-07-20 21:19:15,554 - DEBUG - Epoch progress: 1/5
2025-07-20 21:19:15,554 - DEBUG - Starting model training epoch with 90 batches...
2025-07-20 21:21:43,782 - INFO - Training epoch completed: 148.2s | Training Loss:0.6851 | Training Accuracy=0.5639
2025-07-20 21:21:43,782 - DEBUG - Starting model validation epoch with 22 batches...
2025-07-20 21:22:36,038 - INFO - Validation epoch completed: 52.2s | Loss: 0.6711 | F1: 0.0669 | Acc: 0.6037
2025-07-20 21:22:36,038 - DEBUG - Precision=0.4348 | Recall=0.0362 | Specificity=0.9696 | ROC-AUC=0.5644
2025-07-20 21:22:36,038 - INFO - Epoch 1/5 completed in 200.5s | Val F1: 0.0669
2025-07-20 21:22:36,039 - DEBUG - **New best model saved with F1-score: 0.0669.**
2025-07-20 21:22:36,040 - DEBUG - Epoch progress: 2/5
2025-07-20 21:22:36,040 - DEBUG - Starting model training epoch with 90 batches...
2025-07-20 21:25:04,109 - INFO - Training epoch completed: 148.1s | Training Loss:0.6752 | Training Accuracy=0.5887
2025-07-20 21:25:04,110 - DEBUG - Starting model validation epoch with 22 batches...
2025-07-20 21:25:56,226 - INFO - Validation epoch completed: 52.1s | Loss: 0.6674 | F1: 0.0141 | Acc: 0.6037
2025-07-20 21:25:56,226 - DEBUG - Precision=0.2857 | Recall=0.0072 | Specificity=0.9883 | ROC-AUC=0.5635
2025-07-20 21:25:56,226 - INFO - Epoch 2/5 completed in 200.2s | Val F1: 0.0141
2025-07-20 21:25:56,227 - DEBUG - Epoch progress: 3/5
2025-07-20 21:25:56,227 - DEBUG - Starting model training epoch with 90 batches...
2025-07-20 21:28:24,846 - INFO - Training epoch completed: 148.6s | Training Loss:0.6747 | Training Accuracy=0.5880
2025-07-20 21:28:24,847 - DEBUG - Starting model validation epoch with 22 batches...
2025-07-20 21:29:17,088 - INFO - Validation epoch completed: 52.2s | Loss: 0.6644 | F1: 0.0143 | Acc: 0.6080
2025-07-20 21:29:17,088 - DEBUG - Precision=0.5000 | Recall=0.0072 | Specificity=0.9953 | ROC-AUC=0.5909
2025-07-20 21:29:17,089 - INFO - Epoch 3/5 completed in 200.9s | Val F1: 0.0143
2025-07-20 21:29:17,089 - DEBUG - Epoch progress: 4/5
2025-07-20 21:29:17,090 - DEBUG - Starting model training epoch with 90 batches...
2025-07-20 21:31:44,635 - INFO - Training epoch completed: 147.5s | Training Loss:0.6702 | Training Accuracy=0.5901
2025-07-20 21:31:44,636 - DEBUG - Starting model validation epoch with 22 batches...
2025-07-20 21:32:36,580 - INFO - Validation epoch completed: 51.9s | Loss: 0.6640 | F1: 0.0142 | Acc: 0.6065
2025-07-20 21:32:36,581 - DEBUG - Precision=0.4000 | Recall=0.0072 | Specificity=0.9930 | ROC-AUC=0.5837
2025-07-20 21:32:36,581 - INFO - Epoch 4/5 completed in 199.5s | Val F1: 0.0142
2025-07-20 21:32:36,581 - DEBUG - Epoch progress: 5/5
2025-07-20 21:32:36,582 - DEBUG - Starting model training epoch with 90 batches...
2025-07-20 21:35:04,711 - INFO - Training epoch completed: 148.1s | Training Loss:0.6679 | Training Accuracy=0.5897
2025-07-20 21:35:04,712 - DEBUG - Starting model validation epoch with 22 batches...
2025-07-20 21:35:57,181 - INFO - Validation epoch completed: 52.5s | Loss: 0.6604 | F1: 0.0142 | Acc: 0.6065
2025-07-20 21:35:57,181 - DEBUG - Precision=0.4000 | Recall=0.0072 | Specificity=0.9930 | ROC-AUC=0.5973
2025-07-20 21:35:57,182 - INFO - Learning rate changed from 0.000100 to 0.000050
2025-07-20 21:35:57,182 - INFO - Epoch 5/5 completed in 200.6s | Val F1: 0.0142
2025-07-20 21:35:57,182 - INFO - **Training completed. Total time: 16.7 minutes | Best F1-score 0.0142
2025-07-20 21:35:57,183 - INFO - Result | F1:0.06688963210702341 | Epoch:0
2025-07-20 21:35:57,183 - INFO - Config 9/54 | LR:0.0001 | Optimizer:sgd | Depth:last_2_layers
2025-07-20 21:35:57,183 - DEBUG - Preparing resnet50 with 2 classes and last_2_layers depth.
2025-07-20 21:35:57,468 - DEBUG - ResNet50 model loaded with ImageNet weights
2025-07-20 21:35:57,469 - DEBUG - All parameters frozen...
2025-07-20 21:35:57,469 - DEBUG - Classifier replaced from 2048 to 2 features.
2025-07-20 21:35:57,469 - DEBUG - Classifier layer unfrozen...
2025-07-20 21:35:57,470 - DEBUG - Resnet50 layer4 and layer3 unfrozen for training...
2025-07-20 21:35:57,470 - DEBUG - Model resnet50 prepared for training...
2025-07-20 21:35:57,470 - DEBUG - **Initialising training for resnet50 with LR=0.0001, optimizer=sgd, depth=last_2_layers.
2025-07-20 21:35:57,498 - DEBUG - Optimizer sgd initialised with 0.0001 learning rate.
2025-07-20 21:35:57,498 - DEBUG - Learning rate scheduler and early stopping initialised.
2025-07-20 21:35:57,499 - DEBUG - Starting training resnet50 on cuda for 5 epochs.
2025-07-20 21:35:57,499 - DEBUG - Epoch progress: 1/5
2025-07-20 21:35:57,499 - DEBUG - Starting model training epoch with 90 batches...
2025-07-20 21:38:27,241 - INFO - Training epoch completed: 149.7s | Training Loss:0.6905 | Training Accuracy=0.5307
2025-07-20 21:38:27,242 - DEBUG - Starting model validation epoch with 22 batches...
2025-07-20 21:39:18,756 - INFO - Validation epoch completed: 51.5s | Loss: 0.6706 | F1: 0.1270 | Acc: 0.6094
2025-07-20 21:39:18,756 - DEBUG - Precision=0.5128 | Recall=0.0725 | Specificity=0.9556 | ROC-AUC=0.5740
2025-07-20 21:39:18,756 - INFO - Epoch 1/5 completed in 201.3s | Val F1: 0.1270
2025-07-20 21:39:18,758 - DEBUG - **New best model saved with F1-score: 0.1270.**
2025-07-20 21:39:18,758 - DEBUG - Epoch progress: 2/5
2025-07-20 21:39:18,759 - DEBUG - Starting model training epoch with 90 batches...
2025-07-20 21:41:46,833 - INFO - Training epoch completed: 148.1s | Training Loss:0.6769 | Training Accuracy=0.5855
2025-07-20 21:41:46,834 - DEBUG - Starting model validation epoch with 22 batches...
2025-07-20 21:42:38,432 - INFO - Validation epoch completed: 51.6s | Loss: 0.6637 | F1: 0.0143 | Acc: 0.6080
2025-07-20 21:42:38,433 - DEBUG - Precision=0.5000 | Recall=0.0072 | Specificity=0.9953 | ROC-AUC=0.5793
2025-07-20 21:42:38,433 - INFO - Epoch 2/5 completed in 199.7s | Val F1: 0.0143
2025-07-20 21:42:38,433 - DEBUG - Epoch progress: 3/5
2025-07-20 21:42:38,434 - DEBUG - Starting model training epoch with 90 batches...
2025-07-20 21:45:06,756 - INFO - Training epoch completed: 148.3s | Training Loss:0.6738 | Training Accuracy=0.5866
2025-07-20 21:45:06,758 - DEBUG - Starting model validation epoch with 22 batches...
2025-07-20 21:45:58,593 - INFO - Validation epoch completed: 51.8s | Loss: 0.6633 | F1: 0.0211 | Acc: 0.6037
2025-07-20 21:45:58,594 - DEBUG - Precision=0.3333 | Recall=0.0109 | Specificity=0.9860 | ROC-AUC=0.5812
2025-07-20 21:45:58,594 - INFO - Epoch 3/5 completed in 200.2s | Val F1: 0.0211
2025-07-20 21:45:58,594 - DEBUG - Epoch progress: 4/5
2025-07-20 21:45:58,595 - DEBUG - Starting model training epoch with 90 batches...
2025-07-20 21:48:25,286 - INFO - Training epoch completed: 146.7s | Training Loss:0.6711 | Training Accuracy=0.5890
2025-07-20 21:48:25,287 - DEBUG - Starting model validation epoch with 22 batches...
2025-07-20 21:49:17,168 - INFO - Validation epoch completed: 51.9s | Loss: 0.6594 | F1: 0.0351 | Acc: 0.6094
2025-07-20 21:49:17,168 - DEBUG - Precision=0.5556 | Recall=0.0181 | Specificity=0.9907 | ROC-AUC=0.6040
2025-07-20 21:49:17,169 - INFO - Epoch 4/5 completed in 198.6s | Val F1: 0.0351
2025-07-20 21:49:17,169 - DEBUG - Epoch progress: 5/5
2025-07-20 21:49:17,170 - DEBUG - Starting model training epoch with 90 batches...
2025-07-20 21:51:45,405 - INFO - Training epoch completed: 148.2s | Training Loss:0.6695 | Training Accuracy=0.5911
2025-07-20 21:51:45,406 - DEBUG - Starting model validation epoch with 22 batches...
2025-07-20 21:52:37,113 - INFO - Validation epoch completed: 51.7s | Loss: 0.6591 | F1: 0.0280 | Acc: 0.6051
2025-07-20 21:52:37,113 - DEBUG - Precision=0.4000 | Recall=0.0145 | Specificity=0.9860 | ROC-AUC=0.5961
2025-07-20 21:52:37,114 - INFO - Learning rate changed from 0.000100 to 0.000050
2025-07-20 21:52:37,114 - INFO - Epoch 5/5 completed in 199.9s | Val F1: 0.0280
2025-07-20 21:52:37,114 - INFO - **Training completed. Total time: 16.7 minutes | Best F1-score 0.0280
2025-07-20 21:52:37,115 - INFO - Result | F1:0.12698412698412698 | Epoch:0
2025-07-20 21:52:37,115 - INFO - Config 10/54 | LR:0.001 | Optimizer:adam | Depth:classifier_only
2025-07-20 21:52:37,115 - DEBUG - Preparing resnet50 with 2 classes and classifier_only depth.
2025-07-20 21:52:37,385 - DEBUG - ResNet50 model loaded with ImageNet weights
2025-07-20 21:52:37,386 - DEBUG - All parameters frozen...
2025-07-20 21:52:37,386 - DEBUG - Classifier replaced from 2048 to 2 features.
2025-07-20 21:52:37,386 - DEBUG - Classifier layer unfrozen...
2025-07-20 21:52:37,387 - DEBUG - Model resnet50 prepared for training...
2025-07-20 21:52:37,388 - DEBUG - **Initialising training for resnet50 with LR=0.001, optimizer=adam, depth=classifier_only.
2025-07-20 21:52:37,406 - DEBUG - Optimizer adam initialised with 0.001 learning rate.
2025-07-20 21:52:37,406 - DEBUG - Learning rate scheduler and early stopping initialised.
2025-07-20 21:52:37,406 - DEBUG - Starting training resnet50 on cuda for 5 epochs.
2025-07-20 21:52:37,407 - DEBUG - Epoch progress: 1/5
2025-07-20 21:52:37,407 - DEBUG - Starting model training epoch with 90 batches...
2025-07-20 21:55:05,068 - INFO - Training epoch completed: 147.7s | Training Loss:0.6524 | Training Accuracy=0.6121
2025-07-20 21:55:05,070 - DEBUG - Starting model validation epoch with 22 batches...
2025-07-20 21:55:56,953 - INFO - Validation epoch completed: 51.9s | Loss: 0.6576 | F1: 0.5070 | Acc: 0.5994
2025-07-20 21:55:56,953 - DEBUG - Precision=0.4899 | Recall=0.5254 | Specificity=0.6472 | ROC-AUC=0.6254
2025-07-20 21:55:56,953 - INFO - Epoch 1/5 completed in 199.5s | Val F1: 0.5070
2025-07-20 21:55:56,955 - DEBUG - **New best model saved with F1-score: 0.5070.**
2025-07-20 21:55:56,955 - DEBUG - Epoch progress: 2/5
2025-07-20 21:55:56,955 - DEBUG - Starting model training epoch with 90 batches...
2025-07-20 21:58:24,784 - INFO - Training epoch completed: 147.8s | Training Loss:0.6354 | Training Accuracy=0.6285
2025-07-20 21:58:24,785 - DEBUG - Starting model validation epoch with 22 batches...
2025-07-20 21:59:16,347 - INFO - Validation epoch completed: 51.6s | Loss: 0.6455 | F1: 0.5071 | Acc: 0.6051
2025-07-20 21:59:16,347 - DEBUG - Precision=0.4965 | Recall=0.5181 | Specificity=0.6612 | ROC-AUC=0.6408
2025-07-20 21:59:16,347 - INFO - Epoch 2/5 completed in 199.4s | Val F1: 0.5071
2025-07-20 21:59:16,349 - DEBUG - **New best model saved with F1-score: 0.5071.**
2025-07-20 21:59:16,350 - DEBUG - Epoch progress: 3/5
2025-07-20 21:59:16,350 - DEBUG - Starting model training epoch with 90 batches...
2025-07-20 22:01:43,269 - INFO - Training epoch completed: 146.9s | Training Loss:0.6219 | Training Accuracy=0.6274
2025-07-20 22:01:43,270 - DEBUG - Starting model validation epoch with 22 batches...
2025-07-20 22:02:34,548 - INFO - Validation epoch completed: 51.3s | Loss: 0.6469 | F1: 0.4973 | Acc: 0.6065
2025-07-20 22:02:34,550 - DEBUG - Precision=0.4982 | Recall=0.4964 | Specificity=0.6776 | ROC-AUC=0.6395
2025-07-20 22:02:34,550 - INFO - Epoch 3/5 completed in 198.2s | Val F1: 0.4973
2025-07-20 22:02:34,550 - DEBUG - Epoch progress: 4/5
2025-07-20 22:02:34,551 - DEBUG - Starting model training epoch with 90 batches...
2025-07-20 22:05:01,634 - INFO - Training epoch completed: 147.1s | Training Loss:0.6188 | Training Accuracy=0.6442
2025-07-20 22:05:01,636 - DEBUG - Starting model validation epoch with 22 batches...
2025-07-20 22:05:53,218 - INFO - Validation epoch completed: 51.6s | Loss: 0.6461 | F1: 0.5009 | Acc: 0.6094
2025-07-20 22:05:53,219 - DEBUG - Precision=0.5018 | Recall=0.5000 | Specificity=0.6799 | ROC-AUC=0.6381
2025-07-20 22:05:53,219 - INFO - Epoch 4/5 completed in 198.7s | Val F1: 0.5009
2025-07-20 22:05:53,219 - DEBUG - Epoch progress: 5/5
2025-07-20 22:05:53,220 - DEBUG - Starting model training epoch with 90 batches...
2025-07-20 22:08:21,393 - INFO - Training epoch completed: 148.2s | Training Loss:0.6143 | Training Accuracy=0.6526
2025-07-20 22:08:21,395 - DEBUG - Starting model validation epoch with 22 batches...
2025-07-20 22:09:13,345 - INFO - Validation epoch completed: 51.9s | Loss: 0.6403 | F1: 0.5009 | Acc: 0.6122
2025-07-20 22:09:13,345 - DEBUG - Precision=0.5055 | Recall=0.4964 | Specificity=0.6869 | ROC-AUC=0.6453
2025-07-20 22:09:13,345 - INFO - Epoch 5/5 completed in 200.1s | Val F1: 0.5009
2025-07-20 22:09:13,345 - INFO - **Training completed. Total time: 16.6 minutes | Best F1-score 0.5009
2025-07-20 22:09:13,346 - INFO - Result | F1:0.5070921985815603 | Epoch:1
2025-07-20 22:09:13,346 - INFO - Config 11/54 | LR:0.001 | Optimizer:adam | Depth:last_layer
2025-07-20 22:09:13,346 - DEBUG - Preparing resnet50 with 2 classes and last_layer depth.
2025-07-20 22:09:13,702 - DEBUG - ResNet50 model loaded with ImageNet weights
2025-07-20 22:09:13,703 - DEBUG - All parameters frozen...
2025-07-20 22:09:13,703 - DEBUG - Classifier replaced from 2048 to 2 features.
2025-07-20 22:09:13,703 - DEBUG - Classifier layer unfrozen...
2025-07-20 22:09:13,703 - DEBUG - Resnet50 layer4 unfrozen for training...
2025-07-20 22:09:13,704 - DEBUG - Model resnet50 prepared for training...
2025-07-20 22:09:13,704 - DEBUG - **Initialising training for resnet50 with LR=0.001, optimizer=adam, depth=last_layer.
2025-07-20 22:09:13,731 - DEBUG - Optimizer adam initialised with 0.001 learning rate.
2025-07-20 22:09:13,731 - DEBUG - Learning rate scheduler and early stopping initialised.
2025-07-20 22:09:13,731 - DEBUG - Starting training resnet50 on cuda for 5 epochs.
2025-07-20 22:09:13,731 - DEBUG - Epoch progress: 1/5
2025-07-20 22:09:13,733 - DEBUG - Starting model training epoch with 90 batches...
2025-07-20 22:11:41,751 - INFO - Training epoch completed: 148.0s | Training Loss:0.6338 | Training Accuracy=0.6219
2025-07-20 22:11:41,753 - DEBUG - Starting model validation epoch with 22 batches...
2025-07-20 22:12:33,189 - INFO - Validation epoch completed: 51.4s | Loss: 0.6353 | F1: 0.4850 | Acc: 0.6108
2025-07-20 22:12:33,189 - DEBUG - Precision=0.5039 | Recall=0.4674 | Specificity=0.7033 | ROC-AUC=0.6552
2025-07-20 22:12:33,189 - INFO - Epoch 1/5 completed in 199.5s | Val F1: 0.4850
2025-07-20 22:12:33,191 - DEBUG - **New best model saved with F1-score: 0.4850.**
2025-07-20 22:12:33,191 - DEBUG - Epoch progress: 2/5
2025-07-20 22:12:33,192 - DEBUG - Starting model training epoch with 90 batches...
2025-07-20 22:15:02,672 - INFO - Training epoch completed: 149.5s | Training Loss:0.5861 | Training Accuracy=0.6669
2025-07-20 22:15:02,673 - DEBUG - Starting model validation epoch with 22 batches...
2025-07-20 22:15:54,367 - INFO - Validation epoch completed: 51.7s | Loss: 0.6100 | F1: 0.5489 | Acc: 0.6264
2025-07-20 22:15:54,367 - DEBUG - Precision=0.5212 | Recall=0.5797 | Specificity=0.6565 | ROC-AUC=0.6858
2025-07-20 22:15:54,367 - INFO - Epoch 2/5 completed in 201.2s | Val F1: 0.5489
2025-07-20 22:15:54,369 - DEBUG - **New best model saved with F1-score: 0.5489.**
2025-07-20 22:15:54,369 - DEBUG - Epoch progress: 3/5
2025-07-20 22:15:54,369 - DEBUG - Starting model training epoch with 90 batches...
2025-07-20 22:18:22,776 - INFO - Training epoch completed: 148.4s | Training Loss:0.5687 | Training Accuracy=0.6882
2025-07-20 22:18:22,777 - DEBUG - Starting model validation epoch with 22 batches...
2025-07-20 22:19:14,314 - INFO - Validation epoch completed: 51.5s | Loss: 0.6754 | F1: 0.5872 | Acc: 0.6065
2025-07-20 22:19:14,314 - DEBUG - Precision=0.4987 | Recall=0.7138 | Specificity=0.5374 | ROC-AUC=0.6865
2025-07-20 22:19:14,314 - INFO - Epoch 3/5 completed in 199.9s | Val F1: 0.5872
2025-07-20 22:19:14,316 - DEBUG - **New best model saved with F1-score: 0.5872.**
2025-07-20 22:19:14,316 - DEBUG - Epoch progress: 4/5
2025-07-20 22:19:14,317 - DEBUG - Starting model training epoch with 90 batches...
2025-07-20 22:21:42,483 - INFO - Training epoch completed: 148.2s | Training Loss:0.5557 | Training Accuracy=0.6906
2025-07-20 22:21:42,484 - DEBUG - Starting model validation epoch with 22 batches...
2025-07-20 22:22:34,011 - INFO - Validation epoch completed: 51.5s | Loss: 0.7834 | F1: 0.6357 | Acc: 0.5767
2025-07-20 22:22:34,012 - DEBUG - Precision=0.4797 | Recall=0.9420 | Specificity=0.3411 | ROC-AUC=0.7085
2025-07-20 22:22:34,012 - INFO - Epoch 4/5 completed in 199.7s | Val F1: 0.6357
2025-07-20 22:22:34,013 - DEBUG - **New best model saved with F1-score: 0.6357.**
2025-07-20 22:22:34,014 - DEBUG - Epoch progress: 5/5
2025-07-20 22:22:34,014 - DEBUG - Starting model training epoch with 90 batches...
2025-07-20 22:25:01,829 - INFO - Training epoch completed: 147.8s | Training Loss:0.5532 | Training Accuracy=0.7084
2025-07-20 22:25:01,830 - DEBUG - Starting model validation epoch with 22 batches...
2025-07-20 22:25:54,059 - INFO - Validation epoch completed: 52.2s | Loss: 0.6580 | F1: 0.6070 | Acc: 0.5881
2025-07-20 22:25:54,059 - DEBUG - Precision=0.4848 | Recall=0.8116 | Specificity=0.4439 | ROC-AUC=0.7177
2025-07-20 22:25:54,059 - INFO - Epoch 5/5 completed in 200.0s | Val F1: 0.6070
2025-07-20 22:25:54,059 - INFO - **Training completed. Total time: 16.7 minutes | Best F1-score 0.6070
2025-07-20 22:25:54,060 - INFO - Result | F1:0.6356968215158925 | Epoch:3
2025-07-20 22:25:54,060 - INFO - New best for resnet50: F1=0.6357
2025-07-20 22:25:54,061 - INFO - Config 12/54 | LR:0.001 | Optimizer:adam | Depth:last_2_layers
2025-07-20 22:25:54,061 - DEBUG - Preparing resnet50 with 2 classes and last_2_layers depth.
2025-07-20 22:25:54,309 - DEBUG - ResNet50 model loaded with ImageNet weights
2025-07-20 22:25:54,311 - DEBUG - All parameters frozen...
2025-07-20 22:25:54,311 - DEBUG - Classifier replaced from 2048 to 2 features.
2025-07-20 22:25:54,311 - DEBUG - Classifier layer unfrozen...
2025-07-20 22:25:54,312 - DEBUG - Resnet50 layer4 and layer3 unfrozen for training...
2025-07-20 22:25:54,312 - DEBUG - Model resnet50 prepared for training...
2025-07-20 22:25:54,313 - DEBUG - **Initialising training for resnet50 with LR=0.001, optimizer=adam, depth=last_2_layers.
2025-07-20 22:25:54,348 - DEBUG - Optimizer adam initialised with 0.001 learning rate.
2025-07-20 22:25:54,348 - DEBUG - Learning rate scheduler and early stopping initialised.
2025-07-20 22:25:54,348 - DEBUG - Starting training resnet50 on cuda for 5 epochs.
2025-07-20 22:25:54,348 - DEBUG - Epoch progress: 1/5
2025-07-20 22:25:54,349 - DEBUG - Starting model training epoch with 90 batches...
2025-07-20 22:28:06,909 - INFO - Training epoch completed: 132.6s | Training Loss:0.6369 | Training Accuracy=0.6205
2025-07-20 22:28:06,910 - DEBUG - Starting model validation epoch with 22 batches...
2025-07-20 22:28:55,222 - INFO - Validation epoch completed: 48.3s | Loss: 0.6944 | F1: 0.1392 | Acc: 0.6136
2025-07-20 22:28:55,222 - DEBUG - Precision=0.5500 | Recall=0.0797 | Specificity=0.9579 | ROC-AUC=0.6340
2025-07-20 22:28:55,222 - INFO - Epoch 1/5 completed in 180.9s | Val F1: 0.1392
2025-07-20 22:28:55,223 - DEBUG - **New best model saved with F1-score: 0.1392.**
2025-07-20 22:28:55,223 - DEBUG - Epoch progress: 2/5
2025-07-20 22:28:55,224 - DEBUG - Starting model training epoch with 90 batches...
2025-07-20 22:31:05,719 - INFO - Training epoch completed: 130.5s | Training Loss:0.6060 | Training Accuracy=0.6589
2025-07-20 22:31:05,720 - DEBUG - Starting model validation epoch with 22 batches...
2025-07-20 22:32:01,921 - INFO - Validation epoch completed: 56.2s | Loss: 0.6524 | F1: 0.5684 | Acc: 0.5966
2025-07-20 22:32:01,921 - DEBUG - Precision=0.4895 | Recall=0.6775 | Specificity=0.5444 | ROC-AUC=0.6499
2025-07-20 22:32:01,921 - INFO - Epoch 2/5 completed in 186.7s | Val F1: 0.5684
2025-07-20 22:32:01,922 - DEBUG - **New best model saved with F1-score: 0.5684.**
2025-07-20 22:32:01,922 - DEBUG - Epoch progress: 3/5
2025-07-20 22:32:01,923 - DEBUG - Starting model training epoch with 90 batches...
2025-07-20 22:34:31,795 - INFO - Training epoch completed: 149.9s | Training Loss:0.5964 | Training Accuracy=0.6655
2025-07-20 22:34:31,796 - DEBUG - Starting model validation epoch with 22 batches...
2025-07-20 22:35:25,581 - INFO - Validation epoch completed: 53.8s | Loss: 0.7071 | F1: 0.3175 | Acc: 0.6335
2025-07-20 22:35:25,581 - DEBUG - Precision=0.5882 | Recall=0.2174 | Specificity=0.9019 | ROC-AUC=0.6657
2025-07-20 22:35:25,581 - INFO - Epoch 3/5 completed in 203.7s | Val F1: 0.3175
2025-07-20 22:35:25,582 - DEBUG - Epoch progress: 4/5
2025-07-20 22:35:25,582 - DEBUG - Starting model training epoch with 90 batches...
2025-07-20 22:37:53,860 - INFO - Training epoch completed: 148.3s | Training Loss:0.5813 | Training Accuracy=0.6784
2025-07-20 22:37:53,861 - DEBUG - Starting model validation epoch with 22 batches...
2025-07-20 22:38:46,450 - INFO - Validation epoch completed: 52.6s | Loss: 0.7635 | F1: 0.5932 | Acc: 0.5597
2025-07-20 22:38:46,451 - DEBUG - Precision=0.4650 | Recall=0.8188 | Specificity=0.3925 | ROC-AUC=0.6579
2025-07-20 22:38:46,451 - INFO - Epoch 4/5 completed in 200.9s | Val F1: 0.5932
2025-07-20 22:38:46,452 - DEBUG - **New best model saved with F1-score: 0.5932.**
2025-07-20 22:38:46,452 - DEBUG - Epoch progress: 5/5
2025-07-20 22:38:46,453 - DEBUG - Starting model training epoch with 90 batches...
2025-07-20 22:41:15,571 - INFO - Training epoch completed: 149.1s | Training Loss:0.5767 | Training Accuracy=0.6777
2025-07-20 22:41:15,571 - DEBUG - Starting model validation epoch with 22 batches...
2025-07-20 22:42:07,574 - INFO - Validation epoch completed: 52.0s | Loss: 1.1006 | F1: 0.6090 | Acc: 0.5185
2025-07-20 22:42:07,574 - DEBUG - Precision=0.4467 | Recall=0.9565 | Specificity=0.2360 | ROC-AUC=0.6707
2025-07-20 22:42:07,575 - INFO - Epoch 5/5 completed in 201.1s | Val F1: 0.6090
2025-07-20 22:42:07,576 - DEBUG - **New best model saved with F1-score: 0.6090.**
2025-07-20 22:42:07,576 - INFO - **Training completed. Total time: 16.2 minutes | Best F1-score 0.6090
2025-07-20 22:42:07,576 - INFO - Result | F1:0.6089965397923875 | Epoch:4
2025-07-20 22:42:07,576 - INFO - Config 13/54 | LR:0.001 | Optimizer:adamw | Depth:classifier_only
2025-07-20 22:42:07,576 - DEBUG - Preparing resnet50 with 2 classes and classifier_only depth.
2025-07-20 22:42:07,798 - DEBUG - ResNet50 model loaded with ImageNet weights
2025-07-20 22:42:07,798 - DEBUG - All parameters frozen...
2025-07-20 22:42:07,799 - DEBUG - Classifier replaced from 2048 to 2 features.
2025-07-20 22:42:07,799 - DEBUG - Classifier layer unfrozen...
2025-07-20 22:42:07,799 - DEBUG - Model resnet50 prepared for training...
2025-07-20 22:42:07,799 - DEBUG - **Initialising training for resnet50 with LR=0.001, optimizer=adamw, depth=classifier_only.
2025-07-20 22:42:07,820 - DEBUG - Optimizer adamw initialised with 0.001 learning rate.
2025-07-20 22:42:07,820 - DEBUG - Learning rate scheduler and early stopping initialised.
2025-07-20 22:42:07,820 - DEBUG - Starting training resnet50 on cuda for 5 epochs.
2025-07-20 22:42:07,820 - DEBUG - Epoch progress: 1/5
2025-07-20 22:42:07,821 - DEBUG - Starting model training epoch with 90 batches...
2025-07-20 22:44:35,021 - INFO - Training epoch completed: 147.2s | Training Loss:0.6604 | Training Accuracy=0.6100
2025-07-20 22:44:35,022 - DEBUG - Starting model validation epoch with 22 batches...
2025-07-20 22:45:26,762 - INFO - Validation epoch completed: 51.7s | Loss: 0.6454 | F1: 0.2151 | Acc: 0.5852
2025-07-20 22:45:26,762 - DEBUG - Precision=0.4167 | Recall=0.1449 | Specificity=0.8692 | ROC-AUC=0.6315
2025-07-20 22:45:26,763 - INFO - Epoch 1/5 completed in 198.9s | Val F1: 0.2151
2025-07-20 22:45:26,764 - DEBUG - **New best model saved with F1-score: 0.2151.**
2025-07-20 22:45:26,764 - DEBUG - Epoch progress: 2/5
2025-07-20 22:45:26,764 - DEBUG - Starting model training epoch with 90 batches...
2025-07-20 22:47:55,482 - INFO - Training epoch completed: 148.7s | Training Loss:0.6384 | Training Accuracy=0.6191
2025-07-20 22:47:55,483 - DEBUG - Starting model validation epoch with 22 batches...
2025-07-20 22:48:47,221 - INFO - Validation epoch completed: 51.7s | Loss: 0.6374 | F1: 0.3640 | Acc: 0.5980
2025-07-20 22:48:47,221 - DEBUG - Precision=0.4793 | Recall=0.2935 | Specificity=0.7944 | ROC-AUC=0.6374
2025-07-20 22:48:47,221 - INFO - Epoch 2/5 completed in 200.5s | Val F1: 0.3640
2025-07-20 22:48:47,223 - DEBUG - **New best model saved with F1-score: 0.3640.**
2025-07-20 22:48:47,223 - DEBUG - Epoch progress: 3/5
2025-07-20 22:48:47,223 - DEBUG - Starting model training epoch with 90 batches...
2025-07-20 22:51:16,688 - INFO - Training epoch completed: 149.5s | Training Loss:0.6265 | Training Accuracy=0.6390
2025-07-20 22:51:16,689 - DEBUG - Starting model validation epoch with 22 batches...
2025-07-20 22:52:08,897 - INFO - Validation epoch completed: 52.2s | Loss: 0.6548 | F1: 0.1808 | Acc: 0.5881
2025-07-20 22:52:08,897 - DEBUG - Precision=0.4103 | Recall=0.1159 | Specificity=0.8925 | ROC-AUC=0.6348
2025-07-20 22:52:08,897 - INFO - Epoch 3/5 completed in 201.7s | Val F1: 0.1808
2025-07-20 22:52:08,897 - DEBUG - Epoch progress: 4/5
2025-07-20 22:52:08,897 - DEBUG - Starting model training epoch with 90 batches...
2025-07-20 22:54:38,883 - INFO - Training epoch completed: 150.0s | Training Loss:0.6308 | Training Accuracy=0.6323
2025-07-20 22:54:38,883 - DEBUG - Starting model validation epoch with 22 batches...
2025-07-20 22:55:31,053 - INFO - Validation epoch completed: 52.2s | Loss: 0.6317 | F1: 0.4333 | Acc: 0.6136
2025-07-20 22:55:31,053 - DEBUG - Precision=0.5098 | Recall=0.3768 | Specificity=0.7664 | ROC-AUC=0.6523
2025-07-20 22:55:31,054 - INFO - Epoch 4/5 completed in 202.2s | Val F1: 0.4333
2025-07-20 22:55:31,055 - DEBUG - **New best model saved with F1-score: 0.4333.**
2025-07-20 22:55:31,055 - DEBUG - Epoch progress: 5/5
2025-07-20 22:55:31,055 - DEBUG - Starting model training epoch with 90 batches...
2025-07-20 22:57:59,311 - INFO - Training epoch completed: 148.3s | Training Loss:0.6205 | Training Accuracy=0.6418
2025-07-20 22:57:59,312 - DEBUG - Starting model validation epoch with 22 batches...
2025-07-20 22:58:51,756 - INFO - Validation epoch completed: 52.4s | Loss: 0.6338 | F1: 0.4631 | Acc: 0.6179
2025-07-20 22:58:51,756 - DEBUG - Precision=0.5156 | Recall=0.4203 | Specificity=0.7453 | ROC-AUC=0.6538
2025-07-20 22:58:51,756 - INFO - Epoch 5/5 completed in 200.7s | Val F1: 0.4631
2025-07-20 22:58:51,758 - DEBUG - **New best model saved with F1-score: 0.4631.**
2025-07-20 22:58:51,758 - INFO - **Training completed. Total time: 16.7 minutes | Best F1-score 0.4631
2025-07-20 22:58:51,759 - INFO - Result | F1:0.4630738522954092 | Epoch:4
2025-07-20 22:58:51,759 - INFO - Config 14/54 | LR:0.001 | Optimizer:adamw | Depth:last_layer
2025-07-20 22:58:51,759 - DEBUG - Preparing resnet50 with 2 classes and last_layer depth.
2025-07-20 22:58:51,989 - DEBUG - ResNet50 model loaded with ImageNet weights
2025-07-20 22:58:51,989 - DEBUG - All parameters frozen...
2025-07-20 22:58:51,990 - DEBUG - Classifier replaced from 2048 to 2 features.
2025-07-20 22:58:51,990 - DEBUG - Classifier layer unfrozen...
2025-07-20 22:58:51,990 - DEBUG - Resnet50 layer4 unfrozen for training...
2025-07-20 22:58:51,990 - DEBUG - Model resnet50 prepared for training...
2025-07-20 22:58:51,990 - DEBUG - **Initialising training for resnet50 with LR=0.001, optimizer=adamw, depth=last_layer.
2025-07-20 22:58:52,009 - DEBUG - Optimizer adamw initialised with 0.001 learning rate.
2025-07-20 22:58:52,009 - DEBUG - Learning rate scheduler and early stopping initialised.
2025-07-20 22:58:52,009 - DEBUG - Starting training resnet50 on cuda for 5 epochs.
2025-07-20 22:58:52,010 - DEBUG - Epoch progress: 1/5
2025-07-20 22:58:52,010 - DEBUG - Starting model training epoch with 90 batches...
2025-07-20 23:01:21,892 - INFO - Training epoch completed: 149.9s | Training Loss:0.6304 | Training Accuracy=0.6243
2025-07-20 23:01:21,893 - DEBUG - Starting model validation epoch with 22 batches...
2025-07-20 23:02:14,141 - INFO - Validation epoch completed: 52.2s | Loss: 0.6958 | F1: 0.4683 | Acc: 0.6193
2025-07-20 23:02:14,141 - DEBUG - Precision=0.5175 | Recall=0.4275 | Specificity=0.7430 | ROC-AUC=0.6475
2025-07-20 23:02:14,142 - INFO - Epoch 1/5 completed in 202.1s | Val F1: 0.4683
2025-07-20 23:02:14,143 - DEBUG - **New best model saved with F1-score: 0.4683.**
2025-07-20 23:02:14,143 - DEBUG - Epoch progress: 2/5
2025-07-20 23:02:14,144 - DEBUG - Starting model training epoch with 90 batches...
2025-07-20 23:04:43,044 - INFO - Training epoch completed: 148.9s | Training Loss:0.5842 | Training Accuracy=0.6826
2025-07-20 23:04:43,045 - DEBUG - Starting model validation epoch with 22 batches...
2025-07-20 23:05:35,028 - INFO - Validation epoch completed: 52.0s | Loss: 0.6571 | F1: 0.5845 | Acc: 0.6122
2025-07-20 23:05:35,028 - DEBUG - Precision=0.5039 | Recall=0.6957 | Specificity=0.5584 | ROC-AUC=0.6808
2025-07-20 23:05:35,028 - INFO - Epoch 2/5 completed in 200.9s | Val F1: 0.5845
2025-07-20 23:05:35,029 - DEBUG - **New best model saved with F1-score: 0.5845.**
2025-07-20 23:05:35,029 - DEBUG - Epoch progress: 3/5
2025-07-20 23:05:35,029 - DEBUG - Starting model training epoch with 90 batches...
2025-07-20 23:08:03,125 - INFO - Training epoch completed: 148.1s | Training Loss:0.5712 | Training Accuracy=0.6868
2025-07-20 23:08:03,126 - DEBUG - Starting model validation epoch with 22 batches...
2025-07-20 23:08:55,340 - INFO - Validation epoch completed: 52.2s | Loss: 0.6241 | F1: 0.5567 | Acc: 0.6335
2025-07-20 23:08:55,340 - DEBUG - Precision=0.5294 | Recall=0.5870 | Specificity=0.6636 | ROC-AUC=0.6871
2025-07-20 23:08:55,340 - INFO - Epoch 3/5 completed in 200.3s | Val F1: 0.5567
2025-07-20 23:08:55,340 - DEBUG - Epoch progress: 4/5
2025-07-20 23:08:55,342 - DEBUG - Starting model training epoch with 90 batches...
2025-07-20 23:11:23,455 - INFO - Training epoch completed: 148.1s | Training Loss:0.5652 | Training Accuracy=0.6774
2025-07-20 23:11:23,455 - DEBUG - Starting model validation epoch with 22 batches...
2025-07-20 23:12:15,660 - INFO - Validation epoch completed: 52.2s | Loss: 0.6274 | F1: 0.5526 | Acc: 0.6136
2025-07-20 23:12:15,661 - DEBUG - Precision=0.5060 | Recall=0.6087 | Specificity=0.6168 | ROC-AUC=0.6867
2025-07-20 23:12:15,661 - INFO - Epoch 4/5 completed in 200.3s | Val F1: 0.5526
2025-07-20 23:12:15,661 - DEBUG - Epoch progress: 5/5
2025-07-20 23:12:15,662 - DEBUG - Starting model training epoch with 90 batches...
2025-07-20 23:14:43,252 - INFO - Training epoch completed: 147.6s | Training Loss:0.5456 | Training Accuracy=0.6973
2025-07-20 23:14:43,253 - DEBUG - Starting model validation epoch with 22 batches...
2025-07-20 23:15:34,838 - INFO - Validation epoch completed: 51.6s | Loss: 0.6000 | F1: 0.4981 | Acc: 0.6335
2025-07-20 23:15:34,839 - DEBUG - Precision=0.5378 | Recall=0.4638 | Specificity=0.7430 | ROC-AUC=0.7000
2025-07-20 23:15:34,839 - INFO - Epoch 5/5 completed in 199.2s | Val F1: 0.4981
2025-07-20 23:15:34,839 - INFO - **Training completed. Total time: 16.7 minutes | Best F1-score 0.4981
2025-07-20 23:15:34,839 - INFO - Result | F1:0.5844748858447488 | Epoch:1
2025-07-20 23:15:34,840 - INFO - Config 15/54 | LR:0.001 | Optimizer:adamw | Depth:last_2_layers
2025-07-20 23:15:34,840 - DEBUG - Preparing resnet50 with 2 classes and last_2_layers depth.
2025-07-20 23:15:35,077 - DEBUG - ResNet50 model loaded with ImageNet weights
2025-07-20 23:15:35,079 - DEBUG - All parameters frozen...
2025-07-20 23:15:35,079 - DEBUG - Classifier replaced from 2048 to 2 features.
2025-07-20 23:15:35,079 - DEBUG - Classifier layer unfrozen...
2025-07-20 23:15:35,080 - DEBUG - Resnet50 layer4 and layer3 unfrozen for training...
2025-07-20 23:15:35,080 - DEBUG - Model resnet50 prepared for training...
2025-07-20 23:15:35,080 - DEBUG - **Initialising training for resnet50 with LR=0.001, optimizer=adamw, depth=last_2_layers.
2025-07-20 23:15:35,099 - DEBUG - Optimizer adamw initialised with 0.001 learning rate.
2025-07-20 23:15:35,099 - DEBUG - Learning rate scheduler and early stopping initialised.
2025-07-20 23:15:35,099 - DEBUG - Starting training resnet50 on cuda for 5 epochs.
2025-07-20 23:15:35,100 - DEBUG - Epoch progress: 1/5
2025-07-20 23:15:35,100 - DEBUG - Starting model training epoch with 90 batches...
2025-07-20 23:17:59,041 - INFO - Training epoch completed: 143.9s | Training Loss:0.6415 | Training Accuracy=0.6156
2025-07-20 23:17:59,042 - DEBUG - Starting model validation epoch with 22 batches...
2025-07-20 23:18:51,233 - INFO - Validation epoch completed: 52.2s | Loss: 0.6739 | F1: 0.5655 | Acc: 0.5810
2025-07-20 23:18:51,233 - DEBUG - Precision=0.4764 | Recall=0.6957 | Specificity=0.5070 | ROC-AUC=0.6345
2025-07-20 23:18:51,235 - INFO - Epoch 1/5 completed in 196.1s | Val F1: 0.5655
2025-07-20 23:18:51,236 - DEBUG - **New best model saved with F1-score: 0.5655.**
2025-07-20 23:18:51,236 - DEBUG - Epoch progress: 2/5
2025-07-20 23:18:51,237 - DEBUG - Starting model training epoch with 90 batches...
2025-07-20 23:21:18,946 - INFO - Training epoch completed: 147.7s | Training Loss:0.6031 | Training Accuracy=0.6505
2025-07-20 23:21:18,947 - DEBUG - Starting model validation epoch with 22 batches...
2025-07-20 23:22:11,471 - INFO - Validation epoch completed: 52.5s | Loss: 0.6451 | F1: 0.5754 | Acc: 0.6080
2025-07-20 23:22:11,471 - DEBUG - Precision=0.5000 | Recall=0.6775 | Specificity=0.5631 | ROC-AUC=0.6469
2025-07-20 23:22:11,471 - INFO - Epoch 2/5 completed in 200.2s | Val F1: 0.5754
2025-07-20 23:22:11,473 - DEBUG - **New best model saved with F1-score: 0.5754.**
2025-07-20 23:22:11,473 - DEBUG - Epoch progress: 3/5
2025-07-20 23:22:11,474 - DEBUG - Starting model training epoch with 90 batches...
2025-07-20 23:24:38,418 - INFO - Training epoch completed: 146.9s | Training Loss:0.5990 | Training Accuracy=0.6641
2025-07-20 23:24:38,418 - DEBUG - Starting model validation epoch with 22 batches...
2025-07-20 23:25:30,818 - INFO - Validation epoch completed: 52.4s | Loss: 0.6725 | F1: 0.4678 | Acc: 0.6122
2025-07-20 23:25:30,818 - DEBUG - Precision=0.5063 | Recall=0.4348 | Specificity=0.7266 | ROC-AUC=0.6400
2025-07-20 23:25:30,818 - INFO - Epoch 3/5 completed in 199.3s | Val F1: 0.4678
2025-07-20 23:25:30,818 - DEBUG - Epoch progress: 4/5
2025-07-20 23:25:30,819 - DEBUG - Starting model training epoch with 90 batches...
2025-07-20 23:27:57,229 - INFO - Training epoch completed: 146.4s | Training Loss:0.5893 | Training Accuracy=0.6714
2025-07-20 23:27:57,231 - DEBUG - Starting model validation epoch with 22 batches...
2025-07-20 23:28:49,760 - INFO - Validation epoch completed: 52.5s | Loss: 0.6694 | F1: 0.5732 | Acc: 0.5980
2025-07-20 23:28:49,760 - DEBUG - Precision=0.4910 | Recall=0.6884 | Specificity=0.5397 | ROC-AUC=0.6636
2025-07-20 23:28:49,760 - INFO - Epoch 4/5 completed in 198.9s | Val F1: 0.5732
2025-07-20 23:28:49,760 - DEBUG - Epoch progress: 5/5
2025-07-20 23:28:49,761 - DEBUG - Starting model training epoch with 90 batches...
2025-07-20 23:31:18,178 - INFO - Training epoch completed: 148.4s | Training Loss:0.5743 | Training Accuracy=0.6777
2025-07-20 23:31:18,179 - DEBUG - Starting model validation epoch with 22 batches...
2025-07-20 23:32:10,746 - INFO - Validation epoch completed: 52.6s | Loss: 0.7180 | F1: 0.6005 | Acc: 0.5767
2025-07-20 23:32:10,746 - DEBUG - Precision=0.4766 | Recall=0.8116 | Specificity=0.4252 | ROC-AUC=0.6479
2025-07-20 23:32:10,746 - INFO - Epoch 5/5 completed in 201.0s | Val F1: 0.6005
2025-07-20 23:32:10,747 - DEBUG - **New best model saved with F1-score: 0.6005.**
2025-07-20 23:32:10,747 - INFO - **Training completed. Total time: 16.6 minutes | Best F1-score 0.6005
2025-07-20 23:32:10,748 - INFO - Result | F1:0.6005361930294906 | Epoch:4
2025-07-20 23:32:10,748 - INFO - Config 16/54 | LR:0.001 | Optimizer:sgd | Depth:classifier_only
2025-07-20 23:32:10,748 - DEBUG - Preparing resnet50 with 2 classes and classifier_only depth.
2025-07-20 23:32:11,045 - DEBUG - ResNet50 model loaded with ImageNet weights
2025-07-20 23:32:11,046 - DEBUG - All parameters frozen...
2025-07-20 23:32:11,046 - DEBUG - Classifier replaced from 2048 to 2 features.
2025-07-20 23:32:11,046 - DEBUG - Classifier layer unfrozen...
2025-07-20 23:32:11,046 - DEBUG - Model resnet50 prepared for training...
2025-07-20 23:32:11,047 - DEBUG - **Initialising training for resnet50 with LR=0.001, optimizer=sgd, depth=classifier_only.
2025-07-20 23:32:11,079 - DEBUG - Optimizer sgd initialised with 0.001 learning rate.
2025-07-20 23:32:11,079 - DEBUG - Learning rate scheduler and early stopping initialised.
2025-07-20 23:32:11,080 - DEBUG - Starting training resnet50 on cuda for 5 epochs.
2025-07-20 23:32:11,080 - DEBUG - Epoch progress: 1/5
2025-07-20 23:32:11,080 - DEBUG - Starting model training epoch with 90 batches...
2025-07-20 23:34:41,371 - INFO - Training epoch completed: 150.3s | Training Loss:0.6723 | Training Accuracy=0.5817
2025-07-20 23:34:41,372 - DEBUG - Starting model validation epoch with 22 batches...
2025-07-20 23:35:33,352 - INFO - Validation epoch completed: 52.0s | Loss: 0.6617 | F1: 0.0669 | Acc: 0.6037
2025-07-20 23:35:33,352 - DEBUG - Precision=0.4348 | Recall=0.0362 | Specificity=0.9696 | ROC-AUC=0.5873
2025-07-20 23:35:33,352 - INFO - Epoch 1/5 completed in 202.3s | Val F1: 0.0669
2025-07-20 23:35:33,354 - DEBUG - **New best model saved with F1-score: 0.0669.**
2025-07-20 23:35:33,354 - DEBUG - Epoch progress: 2/5
2025-07-20 23:35:33,355 - DEBUG - Starting model training epoch with 90 batches...
2025-07-20 23:38:01,717 - INFO - Training epoch completed: 148.4s | Training Loss:0.6594 | Training Accuracy=0.6030
2025-07-20 23:38:01,717 - DEBUG - Starting model validation epoch with 22 batches...
2025-07-20 23:38:54,315 - INFO - Validation epoch completed: 52.6s | Loss: 0.6566 | F1: 0.1823 | Acc: 0.5923
2025-07-20 23:38:54,315 - DEBUG - Precision=0.4267 | Recall=0.1159 | Specificity=0.8995 | ROC-AUC=0.6042
2025-07-20 23:38:54,315 - INFO - Epoch 2/5 completed in 201.0s | Val F1: 0.1823
2025-07-20 23:38:54,317 - DEBUG - **New best model saved with F1-score: 0.1823.**
2025-07-20 23:38:54,317 - DEBUG - Epoch progress: 3/5
2025-07-20 23:38:54,318 - DEBUG - Starting model training epoch with 90 batches...
2025-07-20 23:41:21,635 - INFO - Training epoch completed: 147.3s | Training Loss:0.6555 | Training Accuracy=0.6065
2025-07-20 23:41:21,637 - DEBUG - Starting model validation epoch with 22 batches...
2025-07-20 23:42:13,854 - INFO - Validation epoch completed: 52.2s | Loss: 0.6513 | F1: 0.2636 | Acc: 0.5952
2025-07-20 23:42:13,854 - DEBUG - Precision=0.4595 | Recall=0.1848 | Specificity=0.8598 | ROC-AUC=0.6124
2025-07-20 23:42:13,854 - INFO - Epoch 3/5 completed in 199.5s | Val F1: 0.2636
2025-07-20 23:42:13,856 - DEBUG - **New best model saved with F1-score: 0.2636.**
2025-07-20 23:42:13,856 - DEBUG - Epoch progress: 4/5
2025-07-20 23:42:13,857 - DEBUG - Starting model training epoch with 90 batches...
2025-07-20 23:44:42,042 - INFO - Training epoch completed: 148.2s | Training Loss:0.6466 | Training Accuracy=0.6124
2025-07-20 23:44:42,043 - DEBUG - Starting model validation epoch with 22 batches...
2025-07-20 23:45:33,970 - INFO - Validation epoch completed: 51.9s | Loss: 0.6476 | F1: 0.2741 | Acc: 0.5938
2025-07-20 23:45:33,970 - DEBUG - Precision=0.4576 | Recall=0.1957 | Specificity=0.8505 | ROC-AUC=0.6159
2025-07-20 23:45:33,970 - INFO - Epoch 4/5 completed in 200.1s | Val F1: 0.2741
2025-07-20 23:45:33,972 - DEBUG - **New best model saved with F1-score: 0.2741.**
2025-07-20 23:45:33,972 - DEBUG - Epoch progress: 5/5
2025-07-20 23:45:33,972 - DEBUG - Starting model training epoch with 90 batches...
2025-07-20 23:48:02,146 - INFO - Training epoch completed: 148.2s | Training Loss:0.6449 | Training Accuracy=0.6135
2025-07-20 23:48:02,147 - DEBUG - Starting model validation epoch with 22 batches...
2025-07-20 23:48:55,742 - INFO - Validation epoch completed: 53.6s | Loss: 0.6594 | F1: 0.4567 | Acc: 0.5810
2025-07-20 23:48:55,742 - DEBUG - Precision=0.4644 | Recall=0.4493 | Specificity=0.6659 | ROC-AUC=0.6113
2025-07-20 23:48:55,742 - INFO - Epoch 5/5 completed in 201.8s | Val F1: 0.4567
2025-07-20 23:48:55,744 - DEBUG - **New best model saved with F1-score: 0.4567.**
2025-07-20 23:48:55,744 - INFO - **Training completed. Total time: 16.7 minutes | Best F1-score 0.4567
2025-07-20 23:48:55,745 - INFO - Result | F1:0.4567219152854512 | Epoch:4
2025-07-20 23:48:55,745 - INFO - Config 17/54 | LR:0.001 | Optimizer:sgd | Depth:last_layer
2025-07-20 23:48:55,745 - DEBUG - Preparing resnet50 with 2 classes and last_layer depth.
2025-07-20 23:48:56,005 - DEBUG - ResNet50 model loaded with ImageNet weights
2025-07-20 23:48:56,006 - DEBUG - All parameters frozen...
2025-07-20 23:48:56,006 - DEBUG - Classifier replaced from 2048 to 2 features.
2025-07-20 23:48:56,006 - DEBUG - Classifier layer unfrozen...
2025-07-20 23:48:56,006 - DEBUG - Resnet50 layer4 unfrozen for training...
2025-07-20 23:48:56,007 - DEBUG - Model resnet50 prepared for training...
2025-07-20 23:48:56,007 - DEBUG - **Initialising training for resnet50 with LR=0.001, optimizer=sgd, depth=last_layer.
2025-07-20 23:48:56,030 - DEBUG - Optimizer sgd initialised with 0.001 learning rate.
2025-07-20 23:48:56,030 - DEBUG - Learning rate scheduler and early stopping initialised.
2025-07-20 23:48:56,031 - DEBUG - Starting training resnet50 on cuda for 5 epochs.
2025-07-20 23:48:56,031 - DEBUG - Epoch progress: 1/5
2025-07-20 23:48:56,031 - DEBUG - Starting model training epoch with 90 batches...
2025-07-20 23:51:21,604 - INFO - Training epoch completed: 145.6s | Training Loss:0.6770 | Training Accuracy=0.5726
2025-07-20 23:51:21,605 - DEBUG - Starting model validation epoch with 22 batches...
2025-07-20 23:52:13,576 - INFO - Validation epoch completed: 52.0s | Loss: 0.6647 | F1: 0.1770 | Acc: 0.6037
2025-07-20 23:52:13,576 - DEBUG - Precision=0.4762 | Recall=0.1087 | Specificity=0.9229 | ROC-AUC=0.6007
2025-07-20 23:52:13,577 - INFO - Epoch 1/5 completed in 197.5s | Val F1: 0.1770
2025-07-20 23:52:13,579 - DEBUG - **New best model saved with F1-score: 0.1770.**
2025-07-20 23:52:13,579 - DEBUG - Epoch progress: 2/5
2025-07-20 23:52:13,579 - DEBUG - Starting model training epoch with 90 batches...
2025-07-20 23:54:40,035 - INFO - Training epoch completed: 146.5s | Training Loss:0.6584 | Training Accuracy=0.6002
2025-07-20 23:54:40,036 - DEBUG - Starting model validation epoch with 22 batches...
2025-07-20 23:55:32,017 - INFO - Validation epoch completed: 52.0s | Loss: 0.6494 | F1: 0.1953 | Acc: 0.6136
2025-07-20 23:55:32,018 - DEBUG - Precision=0.5323 | Recall=0.1196 | Specificity=0.9322 | ROC-AUC=0.6211
2025-07-20 23:55:32,018 - INFO - Epoch 2/5 completed in 198.4s | Val F1: 0.1953
2025-07-20 23:55:32,020 - DEBUG - **New best model saved with F1-score: 0.1953.**
2025-07-20 23:55:32,020 - DEBUG - Epoch progress: 3/5
2025-07-20 23:55:32,020 - DEBUG - Starting model training epoch with 90 batches...
2025-07-20 23:58:00,343 - INFO - Training epoch completed: 148.3s | Training Loss:0.6496 | Training Accuracy=0.6110
2025-07-20 23:58:00,344 - DEBUG - Starting model validation epoch with 22 batches...
2025-07-20 23:58:53,357 - INFO - Validation epoch completed: 53.0s | Loss: 0.6476 | F1: 0.2814 | Acc: 0.5938
2025-07-20 23:58:53,358 - DEBUG - Precision=0.4590 | Recall=0.2029 | Specificity=0.8458 | ROC-AUC=0.6179
2025-07-20 23:58:53,358 - INFO - Epoch 3/5 completed in 201.3s | Val F1: 0.2814
2025-07-20 23:58:53,360 - DEBUG - **New best model saved with F1-score: 0.2814.**
2025-07-20 23:58:53,360 - DEBUG - Epoch progress: 4/5
2025-07-20 23:58:53,360 - DEBUG - Starting model training epoch with 90 batches...
2025-07-21 00:01:24,240 - INFO - Training epoch completed: 150.9s | Training Loss:0.6376 | Training Accuracy=0.6187
2025-07-21 00:01:24,242 - DEBUG - Starting model validation epoch with 22 batches...
2025-07-21 00:02:17,064 - INFO - Validation epoch completed: 52.8s | Loss: 0.6434 | F1: 0.3395 | Acc: 0.5966
2025-07-21 00:02:17,064 - DEBUG - Precision=0.4740 | Recall=0.2645 | Specificity=0.8107 | ROC-AUC=0.6247
2025-07-21 00:02:17,064 - INFO - Epoch 4/5 completed in 203.7s | Val F1: 0.3395
2025-07-21 00:02:17,066 - DEBUG - **New best model saved with F1-score: 0.3395.**
2025-07-21 00:02:17,066 - DEBUG - Epoch progress: 5/5
2025-07-21 00:02:17,066 - DEBUG - Starting model training epoch with 90 batches...
2025-07-21 00:04:45,196 - INFO - Training epoch completed: 148.1s | Training Loss:0.6304 | Training Accuracy=0.6285
2025-07-21 00:04:45,196 - DEBUG - Starting model validation epoch with 22 batches...
2025-07-21 00:05:37,685 - INFO - Validation epoch completed: 52.5s | Loss: 0.6454 | F1: 0.3794 | Acc: 0.5724
2025-07-21 00:05:37,686 - DEBUG - Precision=0.4402 | Recall=0.3333 | Specificity=0.7266 | ROC-AUC=0.6251
2025-07-21 00:05:37,686 - INFO - Epoch 5/5 completed in 200.6s | Val F1: 0.3794
2025-07-21 00:05:37,688 - DEBUG - **New best model saved with F1-score: 0.3794.**
2025-07-21 00:05:37,688 - INFO - **Training completed. Total time: 16.7 minutes | Best F1-score 0.3794
2025-07-21 00:05:37,689 - INFO - Result | F1:0.37938144329896906 | Epoch:4
2025-07-21 00:05:37,689 - INFO - Config 18/54 | LR:0.001 | Optimizer:sgd | Depth:last_2_layers
2025-07-21 00:05:37,689 - DEBUG - Preparing resnet50 with 2 classes and last_2_layers depth.
2025-07-21 00:05:37,947 - DEBUG - ResNet50 model loaded with ImageNet weights
2025-07-21 00:05:37,948 - DEBUG - All parameters frozen...
2025-07-21 00:05:37,948 - DEBUG - Classifier replaced from 2048 to 2 features.
2025-07-21 00:05:37,949 - DEBUG - Classifier layer unfrozen...
2025-07-21 00:05:37,949 - DEBUG - Resnet50 layer4 and layer3 unfrozen for training...
2025-07-21 00:05:37,949 - DEBUG - Model resnet50 prepared for training...
2025-07-21 00:05:37,950 - DEBUG - **Initialising training for resnet50 with LR=0.001, optimizer=sgd, depth=last_2_layers.
2025-07-21 00:05:37,995 - DEBUG - Optimizer sgd initialised with 0.001 learning rate.
2025-07-21 00:05:37,996 - DEBUG - Learning rate scheduler and early stopping initialised.
2025-07-21 00:05:37,996 - DEBUG - Starting training resnet50 on cuda for 5 epochs.
2025-07-21 00:05:37,996 - DEBUG - Epoch progress: 1/5
2025-07-21 00:05:37,997 - DEBUG - Starting model training epoch with 90 batches...
2025-07-21 00:08:06,202 - INFO - Training epoch completed: 148.2s | Training Loss:0.6759 | Training Accuracy=0.5702
2025-07-21 00:08:06,204 - DEBUG - Starting model validation epoch with 22 batches...
2025-07-21 00:08:58,556 - INFO - Validation epoch completed: 52.3s | Loss: 0.6558 | F1: 0.1187 | Acc: 0.5994
2025-07-21 00:08:58,556 - DEBUG - Precision=0.4318 | Recall=0.0688 | Specificity=0.9416 | ROC-AUC=0.6191
2025-07-21 00:08:58,557 - INFO - Epoch 1/5 completed in 200.6s | Val F1: 0.1187
2025-07-21 00:08:58,559 - DEBUG - **New best model saved with F1-score: 0.1187.**
2025-07-21 00:08:58,559 - DEBUG - Epoch progress: 2/5
2025-07-21 00:08:58,559 - DEBUG - Starting model training epoch with 90 batches...
2025-07-21 00:11:27,952 - INFO - Training epoch completed: 149.4s | Training Loss:0.6524 | Training Accuracy=0.6030
2025-07-21 00:11:27,953 - DEBUG - Starting model validation epoch with 22 batches...
2025-07-21 00:12:20,429 - INFO - Validation epoch completed: 52.5s | Loss: 0.6437 | F1: 0.1529 | Acc: 0.5909
2025-07-21 00:12:20,430 - DEBUG - Precision=0.4062 | Recall=0.0942 | Specificity=0.9112 | ROC-AUC=0.6276
2025-07-21 00:12:20,430 - INFO - Epoch 2/5 completed in 201.9s | Val F1: 0.1529
2025-07-21 00:12:20,432 - DEBUG - **New best model saved with F1-score: 0.1529.**
2025-07-21 00:12:20,432 - DEBUG - Epoch progress: 3/5
2025-07-21 00:12:20,434 - DEBUG - Starting model training epoch with 90 batches...
2025-07-21 00:14:48,406 - INFO - Training epoch completed: 148.0s | Training Loss:0.6413 | Training Accuracy=0.6041
2025-07-21 00:14:48,407 - DEBUG - Starting model validation epoch with 22 batches...
2025-07-21 00:15:41,065 - INFO - Validation epoch completed: 52.7s | Loss: 0.6357 | F1: 0.2919 | Acc: 0.5795
2025-07-21 00:15:41,065 - DEBUG - Precision=0.4296 | Recall=0.2210 | Specificity=0.8107 | ROC-AUC=0.6368
2025-07-21 00:15:41,065 - INFO - Epoch 3/5 completed in 200.6s | Val F1: 0.2919
2025-07-21 00:15:41,068 - DEBUG - **New best model saved with F1-score: 0.2919.**
2025-07-21 00:15:41,068 - DEBUG - Epoch progress: 4/5
2025-07-21 00:15:41,068 - DEBUG - Starting model training epoch with 90 batches...
2025-07-21 00:18:10,390 - INFO - Training epoch completed: 149.3s | Training Loss:0.6286 | Training Accuracy=0.6250
2025-07-21 00:18:10,391 - DEBUG - Starting model validation epoch with 22 batches...
2025-07-21 00:19:02,954 - INFO - Validation epoch completed: 52.6s | Loss: 0.6471 | F1: 0.5386 | Acc: 0.6009
2025-07-21 00:19:02,955 - DEBUG - Precision=0.4925 | Recall=0.5942 | Specificity=0.6051 | ROC-AUC=0.6404
2025-07-21 00:19:02,955 - INFO - Epoch 4/5 completed in 201.9s | Val F1: 0.5386
2025-07-21 00:19:02,956 - DEBUG - **New best model saved with F1-score: 0.5386.**
2025-07-21 00:19:02,956 - DEBUG - Epoch progress: 5/5
2025-07-21 00:19:02,957 - DEBUG - Starting model training epoch with 90 batches...
2025-07-21 00:21:31,684 - INFO - Training epoch completed: 148.7s | Training Loss:0.6168 | Training Accuracy=0.6428
2025-07-21 00:21:31,685 - DEBUG - Starting model validation epoch with 22 batches...
2025-07-21 00:22:24,193 - INFO - Validation epoch completed: 52.5s | Loss: 0.6309 | F1: 0.4160 | Acc: 0.6051
2025-07-21 00:22:24,194 - DEBUG - Precision=0.4950 | Recall=0.3587 | Specificity=0.7640 | ROC-AUC=0.6473
2025-07-21 00:22:24,194 - INFO - Epoch 5/5 completed in 201.2s | Val F1: 0.4160
2025-07-21 00:22:24,194 - INFO - **Training completed. Total time: 16.8 minutes | Best F1-score 0.4160
2025-07-21 00:22:24,196 - INFO - Result | F1:0.5385878489326765 | Epoch:3
2025-07-21 00:22:24,434 - INFO - Best model for resnet50 saved.
2025-07-21 00:22:24,434 - INFO - Best transfer learning parameters: model=resnet50, LR=0.001, Optimizer=adam, Depth=last_layer.
2025-07-21 00:22:24,434 - INFO - Best transfer learning parameters: model=resnet50, LR=0.001, Optimizer=adam, Depth=last_layer.
2025-07-21 00:22:24,435 - INFO - Best transfer learning parameters: model=resnet50, LR=0.001, Optimizer=adam, Depth=last_layer.
2025-07-21 00:22:24,435 - INFO - resnet50 complete | Total time: 311.5 minutes.
2025-07-21 00:22:24,435 - INFO - Model: densenet121
2025-07-21 00:22:24,436 - INFO - Config 19/54 | LR:0.0001 | Optimizer:adam | Depth:classifier_only
2025-07-21 00:22:24,436 - DEBUG - Preparing densenet121 with 2 classes and classifier_only depth.
2025-07-21 00:22:24,549 - DEBUG - DenseNet121 model loaded with ImageNet weights
2025-07-21 00:22:24,550 - DEBUG - All parameters frozen...
2025-07-21 00:22:24,551 - DEBUG - Classifier replaced from 1024 to 2 features.
2025-07-21 00:22:24,551 - DEBUG - Classifier layer unfrozen...
2025-07-21 00:22:24,551 - DEBUG - Model densenet121 prepared for training...
2025-07-21 00:22:24,552 - DEBUG - **Initialising training for densenet121 with LR=0.0001, optimizer=adam, depth=classifier_only.
2025-07-21 00:22:24,593 - DEBUG - Optimizer adam initialised with 0.0001 learning rate.
2025-07-21 00:22:24,593 - DEBUG - Learning rate scheduler and early stopping initialised.
2025-07-21 00:22:24,593 - DEBUG - Starting training densenet121 on cuda for 5 epochs.
2025-07-21 00:22:24,593 - DEBUG - Epoch progress: 1/5
2025-07-21 00:22:24,595 - DEBUG - Starting model training epoch with 90 batches...
2025-07-21 00:24:51,703 - INFO - Training epoch completed: 147.1s | Training Loss:0.6979 | Training Accuracy=0.5562
2025-07-21 00:24:51,706 - DEBUG - Starting model validation epoch with 22 batches...
2025-07-21 00:25:43,962 - INFO - Validation epoch completed: 52.3s | Loss: 0.6924 | F1: 0.3618 | Acc: 0.5540
2025-07-21 00:25:43,962 - DEBUG - Precision=0.4120 | Recall=0.3225 | Specificity=0.7033 | ROC-AUC=0.5020
2025-07-21 00:25:43,963 - INFO - Epoch 1/5 completed in 199.4s | Val F1: 0.3618
2025-07-21 00:25:43,965 - DEBUG - **New best model saved with F1-score: 0.3618.**
2025-07-21 00:25:43,965 - DEBUG - Epoch progress: 2/5
2025-07-21 00:25:43,967 - DEBUG - Starting model training epoch with 90 batches...
2025-07-21 00:28:10,657 - INFO - Training epoch completed: 146.7s | Training Loss:0.6763 | Training Accuracy=0.5862
2025-07-21 00:28:10,659 - DEBUG - Starting model validation epoch with 22 batches...
2025-07-21 00:29:02,730 - INFO - Validation epoch completed: 52.1s | Loss: 0.6867 | F1: 0.3929 | Acc: 0.5653
2025-07-21 00:29:02,730 - DEBUG - Precision=0.4342 | Recall=0.3587 | Specificity=0.6986 | ROC-AUC=0.5248
2025-07-21 00:29:02,730 - INFO - Epoch 2/5 completed in 198.8s | Val F1: 0.3929
2025-07-21 00:29:02,734 - DEBUG - **New best model saved with F1-score: 0.3929.**
2025-07-21 00:29:02,734 - DEBUG - Epoch progress: 3/5
2025-07-21 00:29:02,735 - DEBUG - Starting model training epoch with 90 batches...
2025-07-21 00:31:30,530 - INFO - Training epoch completed: 147.8s | Training Loss:0.6657 | Training Accuracy=0.5876
2025-07-21 00:31:30,531 - DEBUG - Starting model validation epoch with 22 batches...
2025-07-21 00:32:22,993 - INFO - Validation epoch completed: 52.5s | Loss: 0.6718 | F1: 0.2460 | Acc: 0.5994
2025-07-21 00:32:22,993 - DEBUG - Precision=0.4694 | Recall=0.1667 | Specificity=0.8785 | ROC-AUC=0.5427
2025-07-21 00:32:22,993 - INFO - Epoch 3/5 completed in 200.3s | Val F1: 0.2460
2025-07-21 00:32:22,993 - DEBUG - Epoch progress: 4/5
2025-07-21 00:32:22,995 - DEBUG - Starting model training epoch with 90 batches...
2025-07-21 00:34:51,359 - INFO - Training epoch completed: 148.4s | Training Loss:0.6584 | Training Accuracy=0.5974
2025-07-21 00:34:51,361 - DEBUG - Starting model validation epoch with 22 batches...
2025-07-21 00:35:43,863 - INFO - Validation epoch completed: 52.5s | Loss: 0.6678 | F1: 0.1622 | Acc: 0.6037
2025-07-21 00:35:43,864 - DEBUG - Precision=0.4737 | Recall=0.0978 | Specificity=0.9299 | ROC-AUC=0.5597
2025-07-21 00:35:43,864 - INFO - Epoch 4/5 completed in 200.9s | Val F1: 0.1622
2025-07-21 00:35:43,864 - DEBUG - Epoch progress: 5/5
2025-07-21 00:35:43,866 - DEBUG - Starting model training epoch with 90 batches...
2025-07-21 00:38:15,067 - INFO - Training epoch completed: 151.2s | Training Loss:0.6565 | Training Accuracy=0.6020
2025-07-21 00:38:15,069 - DEBUG - Starting model validation epoch with 22 batches...
2025-07-21 00:39:14,711 - INFO - Validation epoch completed: 59.6s | Loss: 0.6650 | F1: 0.3303 | Acc: 0.5795
2025-07-21 00:39:14,711 - DEBUG - Precision=0.4398 | Recall=0.2645 | Specificity=0.7827 | ROC-AUC=0.5711
2025-07-21 00:39:14,711 - INFO - Epoch 5/5 completed in 210.8s | Val F1: 0.3303
2025-07-21 00:39:14,711 - INFO - **Training completed. Total time: 16.8 minutes | Best F1-score 0.3303
2025-07-21 00:39:14,713 - INFO - Result | F1:0.39285714285714285 | Epoch:1
2025-07-21 00:39:14,713 - INFO - New best for densenet121: F1=0.3929
2025-07-21 00:39:14,713 - INFO - Config 20/54 | LR:0.0001 | Optimizer:adam | Depth:last_layer
2025-07-21 00:39:14,713 - DEBUG - Preparing densenet121 with 2 classes and last_layer depth.
2025-07-21 00:39:14,852 - DEBUG - DenseNet121 model loaded with ImageNet weights
2025-07-21 00:39:14,854 - DEBUG - All parameters frozen...
2025-07-21 00:39:14,854 - DEBUG - Classifier replaced from 1024 to 2 features.
2025-07-21 00:39:14,854 - DEBUG - Classifier layer unfrozen...
2025-07-21 00:39:14,855 - DEBUG - Densenet121 denseblock4 and norm5 unfrozen for training...
2025-07-21 00:39:14,855 - DEBUG - Model densenet121 prepared for training...
2025-07-21 00:39:14,856 - DEBUG - **Initialising training for densenet121 with LR=0.0001, optimizer=adam, depth=last_layer.
2025-07-21 00:39:14,889 - DEBUG - Optimizer adam initialised with 0.0001 learning rate.
2025-07-21 00:39:14,889 - DEBUG - Learning rate scheduler and early stopping initialised.
2025-07-21 00:39:14,889 - DEBUG - Starting training densenet121 on cuda for 5 epochs.
2025-07-21 00:39:14,889 - DEBUG - Epoch progress: 1/5
2025-07-21 00:39:14,891 - DEBUG - Starting model training epoch with 90 batches...
2025-07-21 00:41:42,462 - INFO - Training epoch completed: 147.6s | Training Loss:0.6421 | Training Accuracy=0.6096
2025-07-21 00:41:42,464 - DEBUG - Starting model validation epoch with 22 batches...
2025-07-21 00:42:34,679 - INFO - Validation epoch completed: 52.2s | Loss: 0.6553 | F1: 0.4662 | Acc: 0.5966
2025-07-21 00:42:34,679 - DEBUG - Precision=0.4844 | Recall=0.4493 | Specificity=0.6916 | ROC-AUC=0.6340
2025-07-21 00:42:34,679 - INFO - Epoch 1/5 completed in 199.8s | Val F1: 0.4662
2025-07-21 00:42:34,682 - DEBUG - **New best model saved with F1-score: 0.4662.**
2025-07-21 00:42:34,682 - DEBUG - Epoch progress: 2/5
2025-07-21 00:42:34,684 - DEBUG - Starting model training epoch with 90 batches...
2025-07-21 00:45:02,545 - INFO - Training epoch completed: 147.9s | Training Loss:0.5927 | Training Accuracy=0.6610
2025-07-21 00:45:02,547 - DEBUG - Starting model validation epoch with 22 batches...
2025-07-21 00:45:54,920 - INFO - Validation epoch completed: 52.4s | Loss: 0.6576 | F1: 0.5017 | Acc: 0.5909
2025-07-21 00:45:54,920 - DEBUG - Precision=0.4801 | Recall=0.5254 | Specificity=0.6332 | ROC-AUC=0.6440
2025-07-21 00:45:54,920 - INFO - Epoch 2/5 completed in 200.2s | Val F1: 0.5017
2025-07-21 00:45:54,924 - DEBUG - **New best model saved with F1-score: 0.5017.**
2025-07-21 00:45:54,925 - DEBUG - Epoch progress: 3/5
2025-07-21 00:45:54,926 - DEBUG - Starting model training epoch with 90 batches...
2025-07-21 00:48:23,094 - INFO - Training epoch completed: 148.2s | Training Loss:0.5854 | Training Accuracy=0.6714
2025-07-21 00:48:23,097 - DEBUG - Starting model validation epoch with 22 batches...
2025-07-21 00:49:15,550 - INFO - Validation epoch completed: 52.4s | Loss: 0.6635 | F1: 0.5304 | Acc: 0.5824
2025-07-21 00:49:15,550 - DEBUG - Precision=0.4743 | Recall=0.6014 | Specificity=0.5701 | ROC-AUC=0.6482
2025-07-21 00:49:15,550 - INFO - Epoch 3/5 completed in 200.6s | Val F1: 0.5304
2025-07-21 00:49:15,555 - DEBUG - **New best model saved with F1-score: 0.5304.**
2025-07-21 00:49:15,555 - DEBUG - Epoch progress: 4/5
2025-07-21 00:49:15,556 - DEBUG - Starting model training epoch with 90 batches...
2025-07-21 00:51:43,207 - INFO - Training epoch completed: 147.7s | Training Loss:0.5679 | Training Accuracy=0.6913
2025-07-21 00:51:43,210 - DEBUG - Starting model validation epoch with 22 batches...
2025-07-21 00:52:35,884 - INFO - Validation epoch completed: 52.7s | Loss: 0.6631 | F1: 0.5322 | Acc: 0.5980
2025-07-21 00:52:35,885 - DEBUG - Precision=0.4894 | Recall=0.5833 | Specificity=0.6075 | ROC-AUC=0.6652
2025-07-21 00:52:35,885 - INFO - Epoch 4/5 completed in 200.3s | Val F1: 0.5322
2025-07-21 00:52:35,889 - DEBUG - **New best model saved with F1-score: 0.5322.**
2025-07-21 00:52:35,889 - DEBUG - Epoch progress: 5/5
2025-07-21 00:52:35,891 - DEBUG - Starting model training epoch with 90 batches...
2025-07-21 00:55:04,146 - INFO - Training epoch completed: 148.3s | Training Loss:0.5608 | Training Accuracy=0.6952
2025-07-21 00:55:04,148 - DEBUG - Starting model validation epoch with 22 batches...
2025-07-21 00:55:56,206 - INFO - Validation epoch completed: 52.1s | Loss: 0.6770 | F1: 0.5431 | Acc: 0.5938
2025-07-21 00:55:56,207 - DEBUG - Precision=0.4857 | Recall=0.6159 | Specificity=0.5794 | ROC-AUC=0.6663
2025-07-21 00:55:56,207 - INFO - Epoch 5/5 completed in 200.3s | Val F1: 0.5431
2025-07-21 00:55:56,209 - DEBUG - **New best model saved with F1-score: 0.5431.**
2025-07-21 00:55:56,209 - INFO - **Training completed. Total time: 16.7 minutes | Best F1-score 0.5431
2025-07-21 00:55:56,210 - INFO - Result | F1:0.5431309904153354 | Epoch:4
2025-07-21 00:55:56,211 - INFO - New best for densenet121: F1=0.5431
2025-07-21 00:55:56,211 - INFO - Config 21/54 | LR:0.0001 | Optimizer:adam | Depth:last_2_layers
2025-07-21 00:55:56,211 - DEBUG - Preparing densenet121 with 2 classes and last_2_layers depth.
2025-07-21 00:55:56,334 - DEBUG - DenseNet121 model loaded with ImageNet weights
2025-07-21 00:55:56,335 - DEBUG - All parameters frozen...
2025-07-21 00:55:56,335 - DEBUG - Classifier replaced from 1024 to 2 features.
2025-07-21 00:55:56,335 - DEBUG - Classifier layer unfrozen...
2025-07-21 00:55:56,336 - DEBUG - DenseNet121 denseblock3, transition3, denseblock4, and norm5 unfrozen for training...
2025-07-21 00:55:56,336 - DEBUG - Model densenet121 prepared for training...
2025-07-21 00:55:56,337 - DEBUG - **Initialising training for densenet121 with LR=0.0001, optimizer=adam, depth=last_2_layers.
2025-07-21 00:55:56,371 - DEBUG - Optimizer adam initialised with 0.0001 learning rate.
2025-07-21 00:55:56,371 - DEBUG - Learning rate scheduler and early stopping initialised.
2025-07-21 00:55:56,372 - DEBUG - Starting training densenet121 on cuda for 5 epochs.
2025-07-21 00:55:56,372 - DEBUG - Epoch progress: 1/5
2025-07-21 00:55:56,373 - DEBUG - Starting model training epoch with 90 batches...
2025-07-21 00:58:24,937 - INFO - Training epoch completed: 148.6s | Training Loss:0.6206 | Training Accuracy=0.6292
2025-07-21 00:58:24,939 - DEBUG - Starting model validation epoch with 22 batches...
2025-07-21 00:59:17,233 - INFO - Validation epoch completed: 52.3s | Loss: 0.7063 | F1: 0.6123 | Acc: 0.5881
2025-07-21 00:59:17,233 - DEBUG - Precision=0.4852 | Recall=0.8297 | Specificity=0.4322 | ROC-AUC=0.6560
2025-07-21 00:59:17,233 - INFO - Epoch 1/5 completed in 200.9s | Val F1: 0.6123
2025-07-21 00:59:17,236 - DEBUG - **New best model saved with F1-score: 0.6123.**
2025-07-21 00:59:17,236 - DEBUG - Epoch progress: 2/5
2025-07-21 00:59:17,238 - DEBUG - Starting model training epoch with 90 batches...
2025-07-21 01:01:45,247 - INFO - Training epoch completed: 148.0s | Training Loss:0.5758 | Training Accuracy=0.6903
2025-07-21 01:01:45,249 - DEBUG - Starting model validation epoch with 22 batches...
2025-07-21 01:02:37,616 - INFO - Validation epoch completed: 52.4s | Loss: 0.6313 | F1: 0.5871 | Acc: 0.6364
2025-07-21 01:02:37,617 - DEBUG - Precision=0.5291 | Recall=0.6594 | Specificity=0.6215 | ROC-AUC=0.6867
2025-07-21 01:02:37,617 - INFO - Epoch 2/5 completed in 200.4s | Val F1: 0.5871
2025-07-21 01:02:37,617 - DEBUG - Epoch progress: 3/5
2025-07-21 01:02:37,618 - DEBUG - Starting model training epoch with 90 batches...
2025-07-21 01:05:05,366 - INFO - Training epoch completed: 147.7s | Training Loss:0.5565 | Training Accuracy=0.6931
2025-07-21 01:05:05,368 - DEBUG - Starting model validation epoch with 22 batches...
2025-07-21 01:05:57,241 - INFO - Validation epoch completed: 51.9s | Loss: 0.6215 | F1: 0.4912 | Acc: 0.6293
2025-07-21 01:05:57,241 - DEBUG - Precision=0.5316 | Recall=0.4565 | Specificity=0.7407 | ROC-AUC=0.6983
2025-07-21 01:05:57,241 - INFO - Epoch 3/5 completed in 199.6s | Val F1: 0.4912
2025-07-21 01:05:57,241 - DEBUG - Epoch progress: 4/5
2025-07-21 01:05:57,243 - DEBUG - Starting model training epoch with 90 batches...
2025-07-21 01:08:24,015 - INFO - Training epoch completed: 146.8s | Training Loss:0.5500 | Training Accuracy=0.7046
2025-07-21 01:08:24,017 - DEBUG - Starting model validation epoch with 22 batches...
2025-07-21 01:09:16,302 - INFO - Validation epoch completed: 52.3s | Loss: 0.7171 | F1: 0.5927 | Acc: 0.5724
2025-07-21 01:09:16,302 - DEBUG - Precision=0.4730 | Recall=0.7935 | Specificity=0.4299 | ROC-AUC=0.6946
2025-07-21 01:09:16,302 - INFO - Epoch 4/5 completed in 199.1s | Val F1: 0.5927
2025-07-21 01:09:16,303 - DEBUG - Epoch progress: 5/5
2025-07-21 01:09:16,305 - DEBUG - Starting model training epoch with 90 batches...
2025-07-21 01:11:41,448 - INFO - Training epoch completed: 145.1s | Training Loss:0.5258 | Training Accuracy=0.7270
2025-07-21 01:11:41,450 - DEBUG - Starting model validation epoch with 22 batches...
2025-07-21 01:12:33,467 - INFO - Validation epoch completed: 52.0s | Loss: 0.6440 | F1: 0.5765 | Acc: 0.6264
2025-07-21 01:12:33,467 - DEBUG - Precision=0.5188 | Recall=0.6486 | Specificity=0.6121 | ROC-AUC=0.6907
2025-07-21 01:12:33,467 - INFO - Learning rate changed from 0.000100 to 0.000050
2025-07-21 01:12:33,468 - INFO - Epoch 5/5 completed in 197.2s | Val F1: 0.5765
2025-07-21 01:12:33,468 - INFO - **Training completed. Total time: 16.6 minutes | Best F1-score 0.5765
2025-07-21 01:12:33,468 - INFO - Result | F1:0.6122994652406417 | Epoch:0
2025-07-21 01:12:33,469 - INFO - New best for densenet121: F1=0.6123
2025-07-21 01:12:33,470 - INFO - Config 22/54 | LR:0.0001 | Optimizer:adamw | Depth:classifier_only
2025-07-21 01:12:33,470 - DEBUG - Preparing densenet121 with 2 classes and classifier_only depth.
2025-07-21 01:12:33,596 - DEBUG - DenseNet121 model loaded with ImageNet weights
2025-07-21 01:12:33,597 - DEBUG - All parameters frozen...
2025-07-21 01:12:33,597 - DEBUG - Classifier replaced from 1024 to 2 features.
2025-07-21 01:12:33,598 - DEBUG - Classifier layer unfrozen...
2025-07-21 01:12:33,598 - DEBUG - Model densenet121 prepared for training...
2025-07-21 01:12:33,599 - DEBUG - **Initialising training for densenet121 with LR=0.0001, optimizer=adamw, depth=classifier_only.
2025-07-21 01:12:33,629 - DEBUG - Optimizer adamw initialised with 0.0001 learning rate.
2025-07-21 01:12:33,629 - DEBUG - Learning rate scheduler and early stopping initialised.
2025-07-21 01:12:33,630 - DEBUG - Starting training densenet121 on cuda for 5 epochs.
2025-07-21 01:12:33,630 - DEBUG - Epoch progress: 1/5
2025-07-21 01:12:33,631 - DEBUG - Starting model training epoch with 90 batches...
2025-07-21 01:15:00,732 - INFO - Training epoch completed: 147.1s | Training Loss:0.6914 | Training Accuracy=0.5737
2025-07-21 01:15:00,734 - DEBUG - Starting model validation epoch with 22 batches...
2025-07-21 01:15:53,382 - INFO - Validation epoch completed: 52.6s | Loss: 0.6739 | F1: 0.0965 | Acc: 0.6009
2025-07-21 01:15:53,383 - DEBUG - Precision=0.4286 | Recall=0.0543 | Specificity=0.9533 | ROC-AUC=0.5330
2025-07-21 01:15:53,383 - INFO - Epoch 1/5 completed in 199.8s | Val F1: 0.0965
2025-07-21 01:15:53,386 - DEBUG - **New best model saved with F1-score: 0.0965.**
2025-07-21 01:15:53,386 - DEBUG - Epoch progress: 2/5
2025-07-21 01:15:53,388 - DEBUG - Starting model training epoch with 90 batches...
2025-07-21 01:18:22,204 - INFO - Training epoch completed: 148.8s | Training Loss:0.6781 | Training Accuracy=0.5866
2025-07-21 01:18:22,206 - DEBUG - Starting model validation epoch with 22 batches...
2025-07-21 01:19:14,336 - INFO - Validation epoch completed: 52.1s | Loss: 0.6695 | F1: 0.0915 | Acc: 0.6051
2025-07-21 01:19:14,336 - DEBUG - Precision=0.4667 | Recall=0.0507 | Specificity=0.9626 | ROC-AUC=0.5538
2025-07-21 01:19:14,337 - INFO - Epoch 2/5 completed in 201.0s | Val F1: 0.0915
2025-07-21 01:19:14,337 - DEBUG - Epoch progress: 3/5
2025-07-21 01:19:14,338 - DEBUG - Starting model training epoch with 90 batches...
2025-07-21 01:21:42,419 - INFO - Training epoch completed: 148.1s | Training Loss:0.6623 | Training Accuracy=0.6051
2025-07-21 01:21:42,421 - DEBUG - Starting model validation epoch with 22 batches...
2025-07-21 01:22:34,835 - INFO - Validation epoch completed: 52.4s | Loss: 0.6608 | F1: 0.2179 | Acc: 0.6023
2025-07-21 01:22:34,835 - DEBUG - Precision=0.4756 | Recall=0.1413 | Specificity=0.8995 | ROC-AUC=0.5755
2025-07-21 01:22:34,835 - INFO - Epoch 3/5 completed in 200.5s | Val F1: 0.2179
2025-07-21 01:22:34,840 - DEBUG - **New best model saved with F1-score: 0.2179.**
2025-07-21 01:22:34,840 - DEBUG - Epoch progress: 4/5
2025-07-21 01:22:34,841 - DEBUG - Starting model training epoch with 90 batches...
2025-07-21 01:25:02,726 - INFO - Training epoch completed: 147.9s | Training Loss:0.6590 | Training Accuracy=0.5971
2025-07-21 01:25:02,728 - DEBUG - Starting model validation epoch with 22 batches...
2025-07-21 01:25:54,856 - INFO - Validation epoch completed: 52.1s | Loss: 0.6573 | F1: 0.2547 | Acc: 0.6094
2025-07-21 01:25:54,856 - DEBUG - Precision=0.5054 | Recall=0.1703 | Specificity=0.8925 | ROC-AUC=0.5867
2025-07-21 01:25:54,857 - INFO - Epoch 4/5 completed in 200.0s | Val F1: 0.2547
2025-07-21 01:25:54,859 - DEBUG - **New best model saved with F1-score: 0.2547.**
2025-07-21 01:25:54,859 - DEBUG - Epoch progress: 5/5
2025-07-21 01:25:54,860 - DEBUG - Starting model training epoch with 90 batches...
2025-07-21 01:28:23,740 - INFO - Training epoch completed: 148.9s | Training Loss:0.6550 | Training Accuracy=0.5964
2025-07-21 01:28:23,742 - DEBUG - Starting model validation epoch with 22 batches...
2025-07-21 01:29:14,918 - INFO - Validation epoch completed: 51.2s | Loss: 0.6574 | F1: 0.1184 | Acc: 0.5980
2025-07-21 01:29:14,918 - DEBUG - Precision=0.4222 | Recall=0.0688 | Specificity=0.9393 | ROC-AUC=0.5984
2025-07-21 01:29:14,918 - INFO - Epoch 5/5 completed in 200.1s | Val F1: 0.1184
2025-07-21 01:29:14,918 - INFO - **Training completed. Total time: 16.7 minutes | Best F1-score 0.1184
2025-07-21 01:29:14,919 - INFO - Result | F1:0.25474254742547425 | Epoch:3
2025-07-21 01:29:14,919 - INFO - Config 23/54 | LR:0.0001 | Optimizer:adamw | Depth:last_layer
2025-07-21 01:29:14,919 - DEBUG - Preparing densenet121 with 2 classes and last_layer depth.
2025-07-21 01:29:15,038 - DEBUG - DenseNet121 model loaded with ImageNet weights
2025-07-21 01:29:15,040 - DEBUG - All parameters frozen...
2025-07-21 01:29:15,040 - DEBUG - Classifier replaced from 1024 to 2 features.
2025-07-21 01:29:15,040 - DEBUG - Classifier layer unfrozen...
2025-07-21 01:29:15,040 - DEBUG - Densenet121 denseblock4 and norm5 unfrozen for training...
2025-07-21 01:29:15,041 - DEBUG - Model densenet121 prepared for training...
2025-07-21 01:29:15,042 - DEBUG - **Initialising training for densenet121 with LR=0.0001, optimizer=adamw, depth=last_layer.
2025-07-21 01:29:15,083 - DEBUG - Optimizer adamw initialised with 0.0001 learning rate.
2025-07-21 01:29:15,084 - DEBUG - Learning rate scheduler and early stopping initialised.
2025-07-21 01:29:15,084 - DEBUG - Starting training densenet121 on cuda for 5 epochs.
2025-07-21 01:29:15,084 - DEBUG - Epoch progress: 1/5
2025-07-21 01:29:15,086 - DEBUG - Starting model training epoch with 90 batches...
2025-07-21 01:31:42,799 - INFO - Training epoch completed: 147.7s | Training Loss:0.6298 | Training Accuracy=0.6253
2025-07-21 01:31:42,800 - DEBUG - Starting model validation epoch with 22 batches...
2025-07-21 01:32:33,799 - INFO - Validation epoch completed: 51.0s | Loss: 0.6495 | F1: 0.3521 | Acc: 0.5923
2025-07-21 01:32:33,799 - DEBUG - Precision=0.4671 | Recall=0.2826 | Specificity=0.7921 | ROC-AUC=0.6361
2025-07-21 01:32:33,800 - INFO - Epoch 1/5 completed in 198.7s | Val F1: 0.3521
2025-07-21 01:32:33,803 - DEBUG - **New best model saved with F1-score: 0.3521.**
2025-07-21 01:32:33,803 - DEBUG - Epoch progress: 2/5
2025-07-21 01:32:33,804 - DEBUG - Starting model training epoch with 90 batches...
2025-07-21 01:35:00,912 - INFO - Training epoch completed: 147.1s | Training Loss:0.5932 | Training Accuracy=0.6735
2025-07-21 01:35:00,913 - DEBUG - Starting model validation epoch with 22 batches...
2025-07-21 01:35:52,008 - INFO - Validation epoch completed: 51.1s | Loss: 0.6538 | F1: 0.5547 | Acc: 0.6009
2025-07-21 01:35:52,008 - DEBUG - Precision=0.4930 | Recall=0.6341 | Specificity=0.5794 | ROC-AUC=0.6513
2025-07-21 01:35:52,009 - INFO - Epoch 2/5 completed in 198.2s | Val F1: 0.5547
2025-07-21 01:35:52,012 - DEBUG - **New best model saved with F1-score: 0.5547.**
2025-07-21 01:35:52,013 - DEBUG - Epoch progress: 3/5
2025-07-21 01:35:52,014 - DEBUG - Starting model training epoch with 90 batches...
2025-07-21 01:38:20,650 - INFO - Training epoch completed: 148.6s | Training Loss:0.5680 | Training Accuracy=0.6938
2025-07-21 01:38:20,651 - DEBUG - Starting model validation epoch with 22 batches...
2025-07-21 01:39:11,741 - INFO - Validation epoch completed: 51.1s | Loss: 0.6530 | F1: 0.5507 | Acc: 0.6037
2025-07-21 01:39:11,741 - DEBUG - Precision=0.4957 | Recall=0.6196 | Specificity=0.5935 | ROC-AUC=0.6573
2025-07-21 01:39:11,741 - INFO - Epoch 3/5 completed in 199.7s | Val F1: 0.5507
2025-07-21 01:39:11,741 - DEBUG - Epoch progress: 4/5
2025-07-21 01:39:11,743 - DEBUG - Starting model training epoch with 90 batches...
2025-07-21 01:41:40,151 - INFO - Training epoch completed: 148.4s | Training Loss:0.5521 | Training Accuracy=0.7015
2025-07-21 01:41:40,153 - DEBUG - Starting model validation epoch with 22 batches...
2025-07-21 01:42:31,096 - INFO - Validation epoch completed: 50.9s | Loss: 0.6443 | F1: 0.4187 | Acc: 0.5938
2025-07-21 01:42:31,096 - DEBUG - Precision=0.4769 | Recall=0.3732 | Specificity=0.7360 | ROC-AUC=0.6699
2025-07-21 01:42:31,096 - INFO - Epoch 4/5 completed in 199.4s | Val F1: 0.4187
2025-07-21 01:42:31,097 - DEBUG - Epoch progress: 5/5
2025-07-21 01:42:31,098 - DEBUG - Starting model training epoch with 90 batches...
2025-07-21 01:44:59,601 - INFO - Training epoch completed: 148.5s | Training Loss:0.5574 | Training Accuracy=0.7046
2025-07-21 01:44:59,605 - DEBUG - Starting model validation epoch with 22 batches...
2025-07-21 01:45:50,605 - INFO - Validation epoch completed: 51.0s | Loss: 0.6483 | F1: 0.5272 | Acc: 0.6051
2025-07-21 01:45:50,605 - DEBUG - Precision=0.4968 | Recall=0.5616 | Specificity=0.6332 | ROC-AUC=0.6736
2025-07-21 01:45:50,606 - INFO - Epoch 5/5 completed in 199.5s | Val F1: 0.5272
2025-07-21 01:45:50,606 - INFO - **Training completed. Total time: 16.6 minutes | Best F1-score 0.5272
2025-07-21 01:45:50,607 - INFO - Result | F1:0.554675118858954 | Epoch:1
2025-07-21 01:45:50,607 - INFO - Config 24/54 | LR:0.0001 | Optimizer:adamw | Depth:last_2_layers
2025-07-21 01:45:50,607 - DEBUG - Preparing densenet121 with 2 classes and last_2_layers depth.
2025-07-21 01:45:50,764 - DEBUG - DenseNet121 model loaded with ImageNet weights
2025-07-21 01:45:50,766 - DEBUG - All parameters frozen...
2025-07-21 01:45:50,766 - DEBUG - Classifier replaced from 1024 to 2 features.
2025-07-21 01:45:50,766 - DEBUG - Classifier layer unfrozen...
2025-07-21 01:45:50,767 - DEBUG - DenseNet121 denseblock3, transition3, denseblock4, and norm5 unfrozen for training...
2025-07-21 01:45:50,767 - DEBUG - Model densenet121 prepared for training...
2025-07-21 01:45:50,768 - DEBUG - **Initialising training for densenet121 with LR=0.0001, optimizer=adamw, depth=last_2_layers.
2025-07-21 01:45:50,794 - DEBUG - Optimizer adamw initialised with 0.0001 learning rate.
2025-07-21 01:45:50,794 - DEBUG - Learning rate scheduler and early stopping initialised.
2025-07-21 01:45:50,794 - DEBUG - Starting training densenet121 on cuda for 5 epochs.
2025-07-21 01:45:50,794 - DEBUG - Epoch progress: 1/5
2025-07-21 01:45:50,796 - DEBUG - Starting model training epoch with 90 batches...
2025-07-21 01:48:20,268 - INFO - Training epoch completed: 149.5s | Training Loss:0.6278 | Training Accuracy=0.6292
2025-07-21 01:48:20,270 - DEBUG - Starting model validation epoch with 22 batches...
2025-07-21 01:49:11,203 - INFO - Validation epoch completed: 50.9s | Loss: 0.6660 | F1: 0.3358 | Acc: 0.6179
2025-07-21 01:49:11,203 - DEBUG - Precision=0.5271 | Recall=0.2464 | Specificity=0.8575 | ROC-AUC=0.6531
2025-07-21 01:49:11,203 - INFO - Epoch 1/5 completed in 200.4s | Val F1: 0.3358
2025-07-21 01:49:11,207 - DEBUG - **New best model saved with F1-score: 0.3358.**
2025-07-21 01:49:11,207 - DEBUG - Epoch progress: 2/5
2025-07-21 01:49:11,208 - DEBUG - Starting model training epoch with 90 batches...
2025-07-21 01:51:38,615 - INFO - Training epoch completed: 147.4s | Training Loss:0.5754 | Training Accuracy=0.6767
2025-07-21 01:51:38,616 - DEBUG - Starting model validation epoch with 22 batches...
2025-07-21 01:52:29,812 - INFO - Validation epoch completed: 51.2s | Loss: 0.7032 | F1: 0.6027 | Acc: 0.5824
2025-07-21 01:52:29,812 - DEBUG - Precision=0.4806 | Recall=0.8080 | Specificity=0.4369 | ROC-AUC=0.6896
2025-07-21 01:52:29,812 - INFO - Epoch 2/5 completed in 198.6s | Val F1: 0.6027
2025-07-21 01:52:29,816 - DEBUG - **New best model saved with F1-score: 0.6027.**
2025-07-21 01:52:29,816 - DEBUG - Epoch progress: 3/5
2025-07-21 01:52:29,817 - DEBUG - Starting model training epoch with 90 batches...
2025-07-21 01:54:57,576 - INFO - Training epoch completed: 147.8s | Training Loss:0.5547 | Training Accuracy=0.6966
2025-07-21 01:54:57,579 - DEBUG - Starting model validation epoch with 22 batches...
2025-07-21 01:55:48,729 - INFO - Validation epoch completed: 51.1s | Loss: 0.6176 | F1: 0.5566 | Acc: 0.6605
2025-07-21 01:55:48,729 - DEBUG - Precision=0.5703 | Recall=0.5435 | Specificity=0.7360 | ROC-AUC=0.7051
2025-07-21 01:55:48,730 - INFO - Epoch 3/5 completed in 198.9s | Val F1: 0.5566
2025-07-21 01:55:48,730 - DEBUG - Epoch progress: 4/5
2025-07-21 01:55:48,731 - DEBUG - Starting model training epoch with 90 batches...
2025-07-21 01:58:17,097 - INFO - Training epoch completed: 148.4s | Training Loss:0.5451 | Training Accuracy=0.7074
2025-07-21 01:58:17,098 - DEBUG - Starting model validation epoch with 22 batches...
2025-07-21 01:59:08,101 - INFO - Validation epoch completed: 51.0s | Loss: 0.6410 | F1: 0.5195 | Acc: 0.6506
2025-07-21 01:59:08,101 - DEBUG - Precision=0.5636 | Recall=0.4819 | Specificity=0.7593 | ROC-AUC=0.6892
2025-07-21 01:59:08,101 - INFO - Epoch 4/5 completed in 199.4s | Val F1: 0.5195
2025-07-21 01:59:08,101 - DEBUG - Epoch progress: 5/5
2025-07-21 01:59:08,103 - DEBUG - Starting model training epoch with 90 batches...
2025-07-21 02:01:36,609 - INFO - Training epoch completed: 148.5s | Training Loss:0.5384 | Training Accuracy=0.7095
2025-07-21 02:01:36,611 - DEBUG - Starting model validation epoch with 22 batches...
2025-07-21 02:02:27,703 - INFO - Validation epoch completed: 51.1s | Loss: 0.6512 | F1: 0.5944 | Acc: 0.6278
2025-07-21 02:02:27,703 - DEBUG - Precision=0.5189 | Recall=0.6957 | Specificity=0.5841 | ROC-AUC=0.7007
2025-07-21 02:02:27,704 - INFO - Epoch 5/5 completed in 199.6s | Val F1: 0.5944
2025-07-21 02:02:27,704 - INFO - **Training completed. Total time: 16.6 minutes | Best F1-score 0.5944
2025-07-21 02:02:27,705 - INFO - Result | F1:0.6027027027027027 | Epoch:1
2025-07-21 02:02:27,705 - INFO - Config 25/54 | LR:0.0001 | Optimizer:sgd | Depth:classifier_only
2025-07-21 02:02:27,705 - DEBUG - Preparing densenet121 with 2 classes and classifier_only depth.
2025-07-21 02:02:27,947 - DEBUG - DenseNet121 model loaded with ImageNet weights
2025-07-21 02:02:27,949 - DEBUG - All parameters frozen...
2025-07-21 02:02:27,949 - DEBUG - Classifier replaced from 1024 to 2 features.
2025-07-21 02:02:27,949 - DEBUG - Classifier layer unfrozen...
2025-07-21 02:02:27,950 - DEBUG - Model densenet121 prepared for training...
2025-07-21 02:02:27,951 - DEBUG - **Initialising training for densenet121 with LR=0.0001, optimizer=sgd, depth=classifier_only.
2025-07-21 02:02:27,985 - DEBUG - Optimizer sgd initialised with 0.0001 learning rate.
2025-07-21 02:02:27,986 - DEBUG - Learning rate scheduler and early stopping initialised.
2025-07-21 02:02:27,986 - DEBUG - Starting training densenet121 on cuda for 5 epochs.
2025-07-21 02:02:27,986 - DEBUG - Epoch progress: 1/5
2025-07-21 02:02:27,987 - DEBUG - Starting model training epoch with 90 batches...
2025-07-21 02:04:56,594 - INFO - Training epoch completed: 148.6s | Training Loss:0.6902 | Training Accuracy=0.5642
2025-07-21 02:04:56,596 - DEBUG - Starting model validation epoch with 22 batches...
2025-07-21 02:05:47,550 - INFO - Validation epoch completed: 50.9s | Loss: 0.6903 | F1: 0.2078 | Acc: 0.5668
2025-07-21 02:05:47,551 - DEBUG - Precision=0.3670 | Recall=0.1449 | Specificity=0.8388 | ROC-AUC=0.4913
2025-07-21 02:05:47,551 - INFO - Epoch 1/5 completed in 199.6s | Val F1: 0.2078
2025-07-21 02:05:47,555 - DEBUG - **New best model saved with F1-score: 0.2078.**
2025-07-21 02:05:47,555 - DEBUG - Epoch progress: 2/5
2025-07-21 02:05:47,557 - DEBUG - Starting model training epoch with 90 batches...
2025-07-21 02:08:15,231 - INFO - Training epoch completed: 147.7s | Training Loss:0.6735 | Training Accuracy=0.5869
2025-07-21 02:08:15,233 - DEBUG - Starting model validation epoch with 22 batches...
2025-07-21 02:09:06,397 - INFO - Validation epoch completed: 51.2s | Loss: 0.6823 | F1: 0.0997 | Acc: 0.5895
2025-07-21 02:09:06,397 - DEBUG - Precision=0.3556 | Recall=0.0580 | Specificity=0.9322 | ROC-AUC=0.5152
2025-07-21 02:09:06,398 - INFO - Epoch 2/5 completed in 198.8s | Val F1: 0.0997
2025-07-21 02:09:06,398 - DEBUG - Epoch progress: 3/5
2025-07-21 02:09:06,400 - DEBUG - Starting model training epoch with 90 batches...
2025-07-21 02:11:33,385 - INFO - Training epoch completed: 147.0s | Training Loss:0.6600 | Training Accuracy=0.5964
2025-07-21 02:11:33,387 - DEBUG - Starting model validation epoch with 22 batches...
2025-07-21 02:12:24,591 - INFO - Validation epoch completed: 51.2s | Loss: 0.6760 | F1: 0.1375 | Acc: 0.5724
2025-07-21 02:12:24,592 - DEBUG - Precision=0.3288 | Recall=0.0870 | Specificity=0.8855 | ROC-AUC=0.5373
2025-07-21 02:12:24,592 - INFO - Epoch 3/5 completed in 198.2s | Val F1: 0.1375
2025-07-21 02:12:24,592 - DEBUG - Epoch progress: 4/5
2025-07-21 02:12:24,594 - DEBUG - Starting model training epoch with 90 batches...
2025-07-21 02:14:50,744 - INFO - Training epoch completed: 146.2s | Training Loss:0.6584 | Training Accuracy=0.6041
2025-07-21 02:14:50,746 - DEBUG - Starting model validation epoch with 22 batches...
2025-07-21 02:15:42,042 - INFO - Validation epoch completed: 51.3s | Loss: 0.6752 | F1: 0.2929 | Acc: 0.5611
2025-07-21 02:15:42,042 - DEBUG - Precision=0.3975 | Recall=0.2319 | Specificity=0.7734 | ROC-AUC=0.5488
2025-07-21 02:15:42,042 - INFO - Epoch 4/5 completed in 197.5s | Val F1: 0.2929
2025-07-21 02:15:42,047 - DEBUG - **New best model saved with F1-score: 0.2929.**
2025-07-21 02:15:42,047 - DEBUG - Epoch progress: 5/5
2025-07-21 02:15:42,048 - DEBUG - Starting model training epoch with 90 batches...
2025-07-21 02:18:09,762 - INFO - Training epoch completed: 147.7s | Training Loss:0.6535 | Training Accuracy=0.6082
2025-07-21 02:18:09,763 - DEBUG - Starting model validation epoch with 22 batches...
2025-07-21 02:19:00,911 - INFO - Validation epoch completed: 51.1s | Loss: 0.6671 | F1: 0.2660 | Acc: 0.5767
2025-07-21 02:19:00,911 - DEBUG - Precision=0.4154 | Recall=0.1957 | Specificity=0.8224 | ROC-AUC=0.5670
2025-07-21 02:19:00,911 - INFO - Epoch 5/5 completed in 198.9s | Val F1: 0.2660
2025-07-21 02:19:00,911 - INFO - **Training completed. Total time: 16.5 minutes | Best F1-score 0.2660
2025-07-21 02:19:00,914 - INFO - Result | F1:0.2929061784897025 | Epoch:3
2025-07-21 02:19:00,914 - INFO - Config 26/54 | LR:0.0001 | Optimizer:sgd | Depth:last_layer
2025-07-21 02:19:00,914 - DEBUG - Preparing densenet121 with 2 classes and last_layer depth.
2025-07-21 02:19:01,042 - DEBUG - DenseNet121 model loaded with ImageNet weights
2025-07-21 02:19:01,044 - DEBUG - All parameters frozen...
2025-07-21 02:19:01,044 - DEBUG - Classifier replaced from 1024 to 2 features.
2025-07-21 02:19:01,044 - DEBUG - Classifier layer unfrozen...
2025-07-21 02:19:01,045 - DEBUG - Densenet121 denseblock4 and norm5 unfrozen for training...
2025-07-21 02:19:01,045 - DEBUG - Model densenet121 prepared for training...
2025-07-21 02:19:01,046 - DEBUG - **Initialising training for densenet121 with LR=0.0001, optimizer=sgd, depth=last_layer.
2025-07-21 02:19:01,084 - DEBUG - Optimizer sgd initialised with 0.0001 learning rate.
2025-07-21 02:19:01,084 - DEBUG - Learning rate scheduler and early stopping initialised.
2025-07-21 02:19:01,084 - DEBUG - Starting training densenet121 on cuda for 5 epochs.
2025-07-21 02:19:01,084 - DEBUG - Epoch progress: 1/5
2025-07-21 02:19:01,087 - DEBUG - Starting model training epoch with 90 batches...
2025-07-21 02:21:28,772 - INFO - Training epoch completed: 147.7s | Training Loss:0.6900 | Training Accuracy=0.5580
2025-07-21 02:21:28,774 - DEBUG - Starting model validation epoch with 22 batches...
2025-07-21 02:22:19,959 - INFO - Validation epoch completed: 51.2s | Loss: 0.6613 | F1: 0.1073 | Acc: 0.5980
2025-07-21 02:22:19,959 - DEBUG - Precision=0.4146 | Recall=0.0616 | Specificity=0.9439 | ROC-AUC=0.5722
2025-07-21 02:22:19,960 - INFO - Epoch 1/5 completed in 198.9s | Val F1: 0.1073
2025-07-21 02:22:19,963 - DEBUG - **New best model saved with F1-score: 0.1073.**
2025-07-21 02:22:19,963 - DEBUG - Epoch progress: 2/5
2025-07-21 02:22:19,965 - DEBUG - Starting model training epoch with 90 batches...
2025-07-21 02:24:48,464 - INFO - Training epoch completed: 148.5s | Training Loss:0.6669 | Training Accuracy=0.5894
2025-07-21 02:24:48,466 - DEBUG - Starting model validation epoch with 22 batches...
2025-07-21 02:25:39,373 - INFO - Validation epoch completed: 50.9s | Loss: 0.6560 | F1: 0.3229 | Acc: 0.6009
2025-07-21 02:25:39,373 - DEBUG - Precision=0.4820 | Recall=0.2428 | Specificity=0.8318 | ROC-AUC=0.6025
2025-07-21 02:25:39,373 - INFO - Epoch 2/5 completed in 199.4s | Val F1: 0.3229
2025-07-21 02:25:39,376 - DEBUG - **New best model saved with F1-score: 0.3229.**
2025-07-21 02:25:39,376 - DEBUG - Epoch progress: 3/5
2025-07-21 02:25:39,378 - DEBUG - Starting model training epoch with 90 batches...
2025-07-21 02:28:07,991 - INFO - Training epoch completed: 148.6s | Training Loss:0.6571 | Training Accuracy=0.5974
2025-07-21 02:28:07,992 - DEBUG - Starting model validation epoch with 22 batches...
2025-07-21 02:28:58,967 - INFO - Validation epoch completed: 51.0s | Loss: 0.6497 | F1: 0.0660 | Acc: 0.5980
2025-07-21 02:28:58,967 - DEBUG - Precision=0.3704 | Recall=0.0362 | Specificity=0.9603 | ROC-AUC=0.6221
2025-07-21 02:28:58,967 - INFO - Epoch 3/5 completed in 199.6s | Val F1: 0.0660
2025-07-21 02:28:58,968 - DEBUG - Epoch progress: 4/5
2025-07-21 02:28:58,969 - DEBUG - Starting model training epoch with 90 batches...
2025-07-21 02:31:26,213 - INFO - Training epoch completed: 147.2s | Training Loss:0.6447 | Training Accuracy=0.6093
2025-07-21 02:31:26,215 - DEBUG - Starting model validation epoch with 22 batches...
2025-07-21 02:32:17,262 - INFO - Validation epoch completed: 51.0s | Loss: 0.6455 | F1: 0.1242 | Acc: 0.5994
2025-07-21 02:32:17,263 - DEBUG - Precision=0.4348 | Recall=0.0725 | Specificity=0.9393 | ROC-AUC=0.6285
2025-07-21 02:32:17,263 - INFO - Epoch 4/5 completed in 198.3s | Val F1: 0.1242
2025-07-21 02:32:17,263 - DEBUG - Epoch progress: 5/5
2025-07-21 02:32:17,266 - DEBUG - Starting model training epoch with 90 batches...
2025-07-21 02:34:44,454 - INFO - Training epoch completed: 147.2s | Training Loss:0.6359 | Training Accuracy=0.6177
2025-07-21 02:34:44,456 - DEBUG - Starting model validation epoch with 22 batches...
2025-07-21 02:35:35,604 - INFO - Validation epoch completed: 51.1s | Loss: 0.6407 | F1: 0.1977 | Acc: 0.6080
2025-07-21 02:35:35,604 - DEBUG - Precision=0.5000 | Recall=0.1232 | Specificity=0.9206 | ROC-AUC=0.6367
2025-07-21 02:35:35,604 - INFO - Epoch 5/5 completed in 198.3s | Val F1: 0.1977
2025-07-21 02:35:35,604 - INFO - **Training completed. Total time: 16.6 minutes | Best F1-score 0.1977
2025-07-21 02:35:35,605 - INFO - Result | F1:0.3228915662650602 | Epoch:1
2025-07-21 02:35:35,605 - INFO - Config 27/54 | LR:0.0001 | Optimizer:sgd | Depth:last_2_layers
2025-07-21 02:35:35,605 - DEBUG - Preparing densenet121 with 2 classes and last_2_layers depth.
2025-07-21 02:35:35,741 - DEBUG - DenseNet121 model loaded with ImageNet weights
2025-07-21 02:35:35,743 - DEBUG - All parameters frozen...
2025-07-21 02:35:35,743 - DEBUG - Classifier replaced from 1024 to 2 features.
2025-07-21 02:35:35,744 - DEBUG - Classifier layer unfrozen...
2025-07-21 02:35:35,744 - DEBUG - DenseNet121 denseblock3, transition3, denseblock4, and norm5 unfrozen for training...
2025-07-21 02:35:35,744 - DEBUG - Model densenet121 prepared for training...
2025-07-21 02:35:35,745 - DEBUG - **Initialising training for densenet121 with LR=0.0001, optimizer=sgd, depth=last_2_layers.
2025-07-21 02:35:35,779 - DEBUG - Optimizer sgd initialised with 0.0001 learning rate.
2025-07-21 02:35:35,779 - DEBUG - Learning rate scheduler and early stopping initialised.
2025-07-21 02:35:35,779 - DEBUG - Starting training densenet121 on cuda for 5 epochs.
2025-07-21 02:35:35,780 - DEBUG - Epoch progress: 1/5
2025-07-21 02:35:35,781 - DEBUG - Starting model training epoch with 90 batches...
2025-07-21 02:38:05,996 - INFO - Training epoch completed: 150.2s | Training Loss:0.6821 | Training Accuracy=0.5828
2025-07-21 02:38:05,998 - DEBUG - Starting model validation epoch with 22 batches...
2025-07-21 02:39:02,124 - INFO - Validation epoch completed: 56.1s | Loss: 0.6745 | F1: 0.1235 | Acc: 0.5966
2025-07-21 02:39:02,124 - DEBUG - Precision=0.4167 | Recall=0.0725 | Specificity=0.9346 | ROC-AUC=0.5317
2025-07-21 02:39:02,124 - INFO - Epoch 1/5 completed in 206.3s | Val F1: 0.1235
2025-07-21 02:39:02,128 - DEBUG - **New best model saved with F1-score: 0.1235.**
2025-07-21 02:39:02,128 - DEBUG - Epoch progress: 2/5
2025-07-21 02:39:02,131 - DEBUG - Starting model training epoch with 90 batches...
2025-07-21 02:41:30,775 - INFO - Training epoch completed: 148.6s | Training Loss:0.6643 | Training Accuracy=0.5803
2025-07-21 02:41:30,776 - DEBUG - Starting model validation epoch with 22 batches...
2025-07-21 02:42:21,992 - INFO - Validation epoch completed: 51.2s | Loss: 0.6638 | F1: 0.2257 | Acc: 0.5810
2025-07-21 02:42:21,992 - DEBUG - Precision=0.4095 | Recall=0.1558 | Specificity=0.8551 | ROC-AUC=0.5726
2025-07-21 02:42:21,992 - INFO - Epoch 2/5 completed in 199.9s | Val F1: 0.2257
2025-07-21 02:42:21,996 - DEBUG - **New best model saved with F1-score: 0.2257.**
2025-07-21 02:42:21,996 - DEBUG - Epoch progress: 3/5
2025-07-21 02:42:21,997 - DEBUG - Starting model training epoch with 90 batches...
2025-07-21 02:44:49,862 - INFO - Training epoch completed: 147.9s | Training Loss:0.6440 | Training Accuracy=0.6041
2025-07-21 02:44:49,864 - DEBUG - Starting model validation epoch with 22 batches...
2025-07-21 02:45:40,852 - INFO - Validation epoch completed: 51.0s | Loss: 0.6600 | F1: 0.2663 | Acc: 0.5696
2025-07-21 02:45:40,852 - DEBUG - Precision=0.4015 | Recall=0.1993 | Specificity=0.8084 | ROC-AUC=0.5840
2025-07-21 02:45:40,853 - INFO - Epoch 3/5 completed in 198.9s | Val F1: 0.2663
2025-07-21 02:45:40,855 - DEBUG - **New best model saved with F1-score: 0.2663.**
2025-07-21 02:45:40,855 - DEBUG - Epoch progress: 4/5
2025-07-21 02:45:40,857 - DEBUG - Starting model training epoch with 90 batches...
2025-07-21 02:48:09,533 - INFO - Training epoch completed: 148.7s | Training Loss:0.6326 | Training Accuracy=0.6166
2025-07-21 02:48:09,535 - DEBUG - Starting model validation epoch with 22 batches...
2025-07-21 02:49:00,946 - INFO - Validation epoch completed: 51.4s | Loss: 0.6555 | F1: 0.2891 | Acc: 0.5739
2025-07-21 02:49:00,946 - DEBUG - Precision=0.4178 | Recall=0.2210 | Specificity=0.8014 | ROC-AUC=0.5975
2025-07-21 02:49:00,946 - INFO - Epoch 4/5 completed in 200.1s | Val F1: 0.2891
2025-07-21 02:49:00,950 - DEBUG - **New best model saved with F1-score: 0.2891.**
2025-07-21 02:49:00,950 - DEBUG - Epoch progress: 5/5
2025-07-21 02:49:00,952 - DEBUG - Starting model training epoch with 90 batches...
2025-07-21 02:51:28,642 - INFO - Training epoch completed: 147.7s | Training Loss:0.6297 | Training Accuracy=0.6166
2025-07-21 02:51:28,644 - DEBUG - Starting model validation epoch with 22 batches...
2025-07-21 02:52:19,523 - INFO - Validation epoch completed: 50.9s | Loss: 0.6542 | F1: 0.3258 | Acc: 0.5767
2025-07-21 02:52:19,524 - DEBUG - Precision=0.4337 | Recall=0.2609 | Specificity=0.7804 | ROC-AUC=0.6024
2025-07-21 02:52:19,524 - INFO - Epoch 5/5 completed in 198.6s | Val F1: 0.3258
2025-07-21 02:52:19,527 - DEBUG - **New best model saved with F1-score: 0.3258.**
2025-07-21 02:52:19,527 - INFO - **Training completed. Total time: 16.7 minutes | Best F1-score 0.3258
2025-07-21 02:52:19,529 - INFO - Result | F1:0.3257918552036199 | Epoch:4
2025-07-21 02:52:19,529 - INFO - Config 28/54 | LR:0.001 | Optimizer:adam | Depth:classifier_only
2025-07-21 02:52:19,529 - DEBUG - Preparing densenet121 with 2 classes and classifier_only depth.
2025-07-21 02:52:19,649 - DEBUG - DenseNet121 model loaded with ImageNet weights
2025-07-21 02:52:19,651 - DEBUG - All parameters frozen...
2025-07-21 02:52:19,651 - DEBUG - Classifier replaced from 1024 to 2 features.
2025-07-21 02:52:19,652 - DEBUG - Classifier layer unfrozen...
2025-07-21 02:52:19,652 - DEBUG - Model densenet121 prepared for training...
2025-07-21 02:52:19,653 - DEBUG - **Initialising training for densenet121 with LR=0.001, optimizer=adam, depth=classifier_only.
2025-07-21 02:52:19,681 - DEBUG - Optimizer adam initialised with 0.001 learning rate.
2025-07-21 02:52:19,681 - DEBUG - Learning rate scheduler and early stopping initialised.
2025-07-21 02:52:19,681 - DEBUG - Starting training densenet121 on cuda for 5 epochs.
2025-07-21 02:52:19,682 - DEBUG - Epoch progress: 1/5
2025-07-21 02:52:19,683 - DEBUG - Starting model training epoch with 90 batches...
2025-07-21 02:54:46,154 - INFO - Training epoch completed: 146.5s | Training Loss:0.6781 | Training Accuracy=0.5754
2025-07-21 02:54:46,156 - DEBUG - Starting model validation epoch with 22 batches...
2025-07-21 02:55:37,206 - INFO - Validation epoch completed: 51.0s | Loss: 0.6534 | F1: 0.4092 | Acc: 0.5980
2025-07-21 02:55:37,206 - DEBUG - Precision=0.4828 | Recall=0.3551 | Specificity=0.7547 | ROC-AUC=0.6110
2025-07-21 02:55:37,207 - INFO - Epoch 1/5 completed in 197.5s | Val F1: 0.4092
2025-07-21 02:55:37,210 - DEBUG - **New best model saved with F1-score: 0.4092.**
2025-07-21 02:55:37,210 - DEBUG - Epoch progress: 2/5
2025-07-21 02:55:37,211 - DEBUG - Starting model training epoch with 90 batches...
2025-07-21 02:58:04,789 - INFO - Training epoch completed: 147.6s | Training Loss:0.6371 | Training Accuracy=0.6187
2025-07-21 02:58:04,791 - DEBUG - Starting model validation epoch with 22 batches...
2025-07-21 02:58:55,618 - INFO - Validation epoch completed: 50.8s | Loss: 0.6811 | F1: 0.1254 | Acc: 0.6037
2025-07-21 02:58:55,619 - DEBUG - Precision=0.4651 | Recall=0.0725 | Specificity=0.9463 | ROC-AUC=0.6203
2025-07-21 02:58:55,619 - INFO - Epoch 2/5 completed in 198.4s | Val F1: 0.1254
2025-07-21 02:58:55,619 - DEBUG - Epoch progress: 3/5
2025-07-21 02:58:55,621 - DEBUG - Starting model training epoch with 90 batches...
2025-07-21 03:01:22,000 - INFO - Training epoch completed: 146.4s | Training Loss:0.6365 | Training Accuracy=0.6386
2025-07-21 03:01:22,001 - DEBUG - Starting model validation epoch with 22 batches...
2025-07-21 03:02:13,241 - INFO - Validation epoch completed: 51.2s | Loss: 0.6593 | F1: 0.5255 | Acc: 0.5895
2025-07-21 03:02:13,241 - DEBUG - Precision=0.4805 | Recall=0.5797 | Specificity=0.5958 | ROC-AUC=0.6355
2025-07-21 03:02:13,242 - INFO - Epoch 3/5 completed in 197.6s | Val F1: 0.5255
2025-07-21 03:02:13,244 - DEBUG - **New best model saved with F1-score: 0.5255.**
2025-07-21 03:02:13,245 - DEBUG - Epoch progress: 4/5
2025-07-21 03:02:13,246 - DEBUG - Starting model training epoch with 90 batches...
2025-07-21 03:04:40,572 - INFO - Training epoch completed: 147.3s | Training Loss:0.6351 | Training Accuracy=0.6376
2025-07-21 03:04:40,574 - DEBUG - Starting model validation epoch with 22 batches...
2025-07-21 03:05:31,687 - INFO - Validation epoch completed: 51.1s | Loss: 0.6619 | F1: 0.5246 | Acc: 0.5881
2025-07-21 03:05:31,687 - DEBUG - Precision=0.4790 | Recall=0.5797 | Specificity=0.5935 | ROC-AUC=0.6336
2025-07-21 03:05:31,687 - INFO - Epoch 4/5 completed in 198.4s | Val F1: 0.5246
2025-07-21 03:05:31,687 - DEBUG - Epoch progress: 5/5
2025-07-21 03:05:31,688 - DEBUG - Starting model training epoch with 90 batches...
2025-07-21 03:07:59,367 - INFO - Training epoch completed: 147.7s | Training Loss:0.6186 | Training Accuracy=0.6285
2025-07-21 03:07:59,370 - DEBUG - Starting model validation epoch with 22 batches...
2025-07-21 03:08:50,274 - INFO - Validation epoch completed: 50.9s | Loss: 0.6558 | F1: 0.3246 | Acc: 0.5980
2025-07-21 03:08:50,274 - DEBUG - Precision=0.4755 | Recall=0.2464 | Specificity=0.8248 | ROC-AUC=0.6368
2025-07-21 03:08:50,275 - INFO - Epoch 5/5 completed in 198.6s | Val F1: 0.3246
2025-07-21 03:08:50,275 - INFO - **Training completed. Total time: 16.5 minutes | Best F1-score 0.3246
2025-07-21 03:08:50,276 - INFO - Result | F1:0.5254515599343186 | Epoch:2
2025-07-21 03:08:50,276 - INFO - Config 29/54 | LR:0.001 | Optimizer:adam | Depth:last_layer
2025-07-21 03:08:50,276 - DEBUG - Preparing densenet121 with 2 classes and last_layer depth.
2025-07-21 03:08:50,411 - DEBUG - DenseNet121 model loaded with ImageNet weights
2025-07-21 03:08:50,413 - DEBUG - All parameters frozen...
2025-07-21 03:08:50,413 - DEBUG - Classifier replaced from 1024 to 2 features.
2025-07-21 03:08:50,413 - DEBUG - Classifier layer unfrozen...
2025-07-21 03:08:50,413 - DEBUG - Densenet121 denseblock4 and norm5 unfrozen for training...
2025-07-21 03:08:50,413 - DEBUG - Model densenet121 prepared for training...
2025-07-21 03:08:50,415 - DEBUG - **Initialising training for densenet121 with LR=0.001, optimizer=adam, depth=last_layer.
2025-07-21 03:08:50,447 - DEBUG - Optimizer adam initialised with 0.001 learning rate.
2025-07-21 03:08:50,447 - DEBUG - Learning rate scheduler and early stopping initialised.
2025-07-21 03:08:50,448 - DEBUG - Starting training densenet121 on cuda for 5 epochs.
2025-07-21 03:08:50,448 - DEBUG - Epoch progress: 1/5
2025-07-21 03:08:50,449 - DEBUG - Starting model training epoch with 90 batches...
2025-07-21 03:11:18,602 - INFO - Training epoch completed: 148.2s | Training Loss:0.6408 | Training Accuracy=0.6372
2025-07-21 03:11:18,604 - DEBUG - Starting model validation epoch with 22 batches...
2025-07-21 03:12:09,897 - INFO - Validation epoch completed: 51.3s | Loss: 0.6937 | F1: 0.5136 | Acc: 0.5938
2025-07-21 03:12:09,898 - DEBUG - Precision=0.4840 | Recall=0.5471 | Specificity=0.6238 | ROC-AUC=0.6418
2025-07-21 03:12:09,898 - INFO - Epoch 1/5 completed in 199.5s | Val F1: 0.5136
2025-07-21 03:12:09,901 - DEBUG - **New best model saved with F1-score: 0.5136.**
2025-07-21 03:12:09,901 - DEBUG - Epoch progress: 2/5
2025-07-21 03:12:09,903 - DEBUG - Starting model training epoch with 90 batches...
2025-07-21 03:14:37,158 - INFO - Training epoch completed: 147.3s | Training Loss:0.5967 | Training Accuracy=0.6648
2025-07-21 03:14:37,160 - DEBUG - Starting model validation epoch with 22 batches...
2025-07-21 03:15:28,276 - INFO - Validation epoch completed: 51.1s | Loss: 0.6615 | F1: 0.3417 | Acc: 0.6278
2025-07-21 03:15:28,277 - DEBUG - Precision=0.5574 | Recall=0.2464 | Specificity=0.8738 | ROC-AUC=0.6714
2025-07-21 03:15:28,277 - INFO - Epoch 2/5 completed in 198.4s | Val F1: 0.3417
2025-07-21 03:15:28,277 - DEBUG - Epoch progress: 3/5
2025-07-21 03:15:28,278 - DEBUG - Starting model training epoch with 90 batches...
2025-07-21 03:17:57,006 - INFO - Training epoch completed: 148.7s | Training Loss:0.5845 | Training Accuracy=0.6686
2025-07-21 03:17:57,008 - DEBUG - Starting model validation epoch with 22 batches...
2025-07-21 03:18:48,120 - INFO - Validation epoch completed: 51.1s | Loss: 0.6664 | F1: 0.5545 | Acc: 0.5938
2025-07-21 03:18:48,120 - DEBUG - Precision=0.4863 | Recall=0.6449 | Specificity=0.5607 | ROC-AUC=0.6689
2025-07-21 03:18:48,120 - INFO - Epoch 3/5 completed in 199.8s | Val F1: 0.5545
2025-07-21 03:18:48,124 - DEBUG - **New best model saved with F1-score: 0.5545.**
2025-07-21 03:18:48,124 - DEBUG - Epoch progress: 4/5
2025-07-21 03:18:48,125 - DEBUG - Starting model training epoch with 90 batches...
2025-07-21 03:21:16,878 - INFO - Training epoch completed: 148.8s | Training Loss:0.5728 | Training Accuracy=0.6809
2025-07-21 03:21:16,880 - DEBUG - Starting model validation epoch with 22 batches...
2025-07-21 03:22:08,287 - INFO - Validation epoch completed: 51.4s | Loss: 0.6797 | F1: 0.5314 | Acc: 0.6293
2025-07-21 03:22:08,287 - DEBUG - Precision=0.5267 | Recall=0.5362 | Specificity=0.6893 | ROC-AUC=0.6819
2025-07-21 03:22:08,287 - INFO - Epoch 4/5 completed in 200.2s | Val F1: 0.5314
2025-07-21 03:22:08,288 - DEBUG - Epoch progress: 5/5
2025-07-21 03:22:08,289 - DEBUG - Starting model training epoch with 90 batches...
2025-07-21 03:24:36,265 - INFO - Training epoch completed: 148.0s | Training Loss:0.5498 | Training Accuracy=0.7071
2025-07-21 03:24:36,267 - DEBUG - Starting model validation epoch with 22 batches...
2025-07-21 03:25:27,418 - INFO - Validation epoch completed: 51.1s | Loss: 0.6349 | F1: 0.5075 | Acc: 0.6250
2025-07-21 03:25:27,418 - DEBUG - Precision=0.5231 | Recall=0.4928 | Specificity=0.7103 | ROC-AUC=0.6858
2025-07-21 03:25:27,418 - INFO - Epoch 5/5 completed in 199.1s | Val F1: 0.5075
2025-07-21 03:25:27,418 - INFO - **Training completed. Total time: 16.6 minutes | Best F1-score 0.5075
2025-07-21 03:25:27,419 - INFO - Result | F1:0.5545171339563862 | Epoch:2
2025-07-21 03:25:27,419 - INFO - Config 30/54 | LR:0.001 | Optimizer:adam | Depth:last_2_layers
2025-07-21 03:25:27,419 - DEBUG - Preparing densenet121 with 2 classes and last_2_layers depth.
2025-07-21 03:25:27,551 - DEBUG - DenseNet121 model loaded with ImageNet weights
2025-07-21 03:25:27,552 - DEBUG - All parameters frozen...
2025-07-21 03:25:27,553 - DEBUG - Classifier replaced from 1024 to 2 features.
2025-07-21 03:25:27,553 - DEBUG - Classifier layer unfrozen...
2025-07-21 03:25:27,553 - DEBUG - DenseNet121 denseblock3, transition3, denseblock4, and norm5 unfrozen for training...
2025-07-21 03:25:27,553 - DEBUG - Model densenet121 prepared for training...
2025-07-21 03:25:27,555 - DEBUG - **Initialising training for densenet121 with LR=0.001, optimizer=adam, depth=last_2_layers.
2025-07-21 03:25:27,585 - DEBUG - Optimizer adam initialised with 0.001 learning rate.
2025-07-21 03:25:27,585 - DEBUG - Learning rate scheduler and early stopping initialised.
2025-07-21 03:25:27,585 - DEBUG - Starting training densenet121 on cuda for 5 epochs.
2025-07-21 03:25:27,585 - DEBUG - Epoch progress: 1/5
2025-07-21 03:25:27,587 - DEBUG - Starting model training epoch with 90 batches...
2025-07-21 03:27:56,369 - INFO - Training epoch completed: 148.8s | Training Loss:0.6488 | Training Accuracy=0.6257
2025-07-21 03:27:56,371 - DEBUG - Starting model validation epoch with 22 batches...
2025-07-21 03:28:47,439 - INFO - Validation epoch completed: 51.1s | Loss: 0.6621 | F1: 0.5214 | Acc: 0.6037
2025-07-21 03:28:47,439 - DEBUG - Precision=0.4951 | Recall=0.5507 | Specificity=0.6379 | ROC-AUC=0.6582
2025-07-21 03:28:47,439 - INFO - Epoch 1/5 completed in 199.9s | Val F1: 0.5214
2025-07-21 03:28:47,442 - DEBUG - **New best model saved with F1-score: 0.5214.**
2025-07-21 03:28:47,442 - DEBUG - Epoch progress: 2/5
2025-07-21 03:28:47,444 - DEBUG - Starting model training epoch with 90 batches...
2025-07-21 03:31:16,303 - INFO - Training epoch completed: 148.9s | Training Loss:0.6114 | Training Accuracy=0.6554
2025-07-21 03:31:16,305 - DEBUG - Starting model validation epoch with 22 batches...
2025-07-21 03:32:07,248 - INFO - Validation epoch completed: 50.9s | Loss: 0.6540 | F1: 0.5786 | Acc: 0.5966
2025-07-21 03:32:07,248 - DEBUG - Precision=0.4899 | Recall=0.7065 | Specificity=0.5257 | ROC-AUC=0.6729
2025-07-21 03:32:07,248 - INFO - Epoch 2/5 completed in 199.8s | Val F1: 0.5786
2025-07-21 03:32:07,251 - DEBUG - **New best model saved with F1-score: 0.5786.**
2025-07-21 03:32:07,251 - DEBUG - Epoch progress: 3/5
2025-07-21 03:32:07,253 - DEBUG - Starting model training epoch with 90 batches...
2025-07-21 03:34:35,282 - INFO - Training epoch completed: 148.0s | Training Loss:0.5878 | Training Accuracy=0.6749
2025-07-21 03:34:35,284 - DEBUG - Starting model validation epoch with 22 batches...
2025-07-21 03:35:25,992 - INFO - Validation epoch completed: 50.7s | Loss: 0.6389 | F1: 0.5518 | Acc: 0.6193
2025-07-21 03:35:25,992 - DEBUG - Precision=0.5124 | Recall=0.5978 | Specificity=0.6332 | ROC-AUC=0.6852
2025-07-21 03:35:25,992 - INFO - Epoch 3/5 completed in 198.7s | Val F1: 0.5518
2025-07-21 03:35:25,992 - DEBUG - Epoch progress: 4/5
2025-07-21 03:35:25,993 - DEBUG - Starting model training epoch with 90 batches...
2025-07-21 03:37:55,295 - INFO - Training epoch completed: 149.3s | Training Loss:0.5957 | Training Accuracy=0.6739
2025-07-21 03:37:55,297 - DEBUG - Starting model validation epoch with 22 batches...
2025-07-21 03:38:46,210 - INFO - Validation epoch completed: 50.9s | Loss: 0.6523 | F1: 0.5045 | Acc: 0.6122
2025-07-21 03:38:46,211 - DEBUG - Precision=0.5055 | Recall=0.5036 | Specificity=0.6822 | ROC-AUC=0.6740
2025-07-21 03:38:46,211 - INFO - Epoch 4/5 completed in 200.2s | Val F1: 0.5045
2025-07-21 03:38:46,211 - DEBUG - Epoch progress: 5/5
2025-07-21 03:38:46,213 - DEBUG - Starting model training epoch with 90 batches...
2025-07-21 03:41:14,126 - INFO - Training epoch completed: 147.9s | Training Loss:0.5794 | Training Accuracy=0.6676
2025-07-21 03:41:14,127 - DEBUG - Starting model validation epoch with 22 batches...
2025-07-21 03:42:05,148 - INFO - Validation epoch completed: 51.0s | Loss: 0.6339 | F1: 0.5946 | Acc: 0.6165
2025-07-21 03:42:05,148 - DEBUG - Precision=0.5077 | Recall=0.7174 | Specificity=0.5514 | ROC-AUC=0.6932
2025-07-21 03:42:05,149 - INFO - Epoch 5/5 completed in 198.9s | Val F1: 0.5946
2025-07-21 03:42:05,152 - DEBUG - **New best model saved with F1-score: 0.5946.**
2025-07-21 03:42:05,152 - INFO - **Training completed. Total time: 16.6 minutes | Best F1-score 0.5946
2025-07-21 03:42:05,154 - INFO - Result | F1:0.5945945945945946 | Epoch:4
2025-07-21 03:42:05,154 - INFO - Config 31/54 | LR:0.001 | Optimizer:adamw | Depth:classifier_only
2025-07-21 03:42:05,154 - DEBUG - Preparing densenet121 with 2 classes and classifier_only depth.
2025-07-21 03:42:05,283 - DEBUG - DenseNet121 model loaded with ImageNet weights
2025-07-21 03:42:05,284 - DEBUG - All parameters frozen...
2025-07-21 03:42:05,285 - DEBUG - Classifier replaced from 1024 to 2 features.
2025-07-21 03:42:05,285 - DEBUG - Classifier layer unfrozen...
2025-07-21 03:42:05,285 - DEBUG - Model densenet121 prepared for training...
2025-07-21 03:42:05,286 - DEBUG - **Initialising training for densenet121 with LR=0.001, optimizer=adamw, depth=classifier_only.
2025-07-21 03:42:05,320 - DEBUG - Optimizer adamw initialised with 0.001 learning rate.
2025-07-21 03:42:05,320 - DEBUG - Learning rate scheduler and early stopping initialised.
2025-07-21 03:42:05,320 - DEBUG - Starting training densenet121 on cuda for 5 epochs.
2025-07-21 03:42:05,321 - DEBUG - Epoch progress: 1/5
2025-07-21 03:42:05,323 - DEBUG - Starting model training epoch with 90 batches...
2025-07-21 03:44:33,743 - INFO - Training epoch completed: 148.4s | Training Loss:0.6777 | Training Accuracy=0.5758
2025-07-21 03:44:33,745 - DEBUG - Starting model validation epoch with 22 batches...
2025-07-21 03:45:24,889 - INFO - Validation epoch completed: 51.1s | Loss: 0.6485 | F1: 0.3472 | Acc: 0.6207
2025-07-21 03:45:24,890 - DEBUG - Precision=0.5338 | Recall=0.2572 | Specificity=0.8551 | ROC-AUC=0.6223
2025-07-21 03:45:24,890 - INFO - Epoch 1/5 completed in 199.6s | Val F1: 0.3472
2025-07-21 03:45:24,892 - DEBUG - **New best model saved with F1-score: 0.3472.**
2025-07-21 03:45:24,892 - DEBUG - Epoch progress: 2/5
2025-07-21 03:45:24,893 - DEBUG - Starting model training epoch with 90 batches...
2025-07-21 03:47:52,988 - INFO - Training epoch completed: 148.1s | Training Loss:0.6433 | Training Accuracy=0.6198
2025-07-21 03:47:52,989 - DEBUG - Starting model validation epoch with 22 batches...
2025-07-21 03:48:43,878 - INFO - Validation epoch completed: 50.9s | Loss: 0.6448 | F1: 0.4079 | Acc: 0.6165
2025-07-21 03:48:43,879 - DEBUG - Precision=0.5167 | Recall=0.3370 | Specificity=0.7967 | ROC-AUC=0.6312
2025-07-21 03:48:43,879 - INFO - Epoch 2/5 completed in 199.0s | Val F1: 0.4079
2025-07-21 03:48:43,882 - DEBUG - **New best model saved with F1-score: 0.4079.**
2025-07-21 03:48:43,883 - DEBUG - Epoch progress: 3/5
2025-07-21 03:48:43,884 - DEBUG - Starting model training epoch with 90 batches...
2025-07-21 03:51:11,334 - INFO - Training epoch completed: 147.5s | Training Loss:0.6358 | Training Accuracy=0.6288
2025-07-21 03:51:11,336 - DEBUG - Starting model validation epoch with 22 batches...
2025-07-21 03:52:02,335 - INFO - Validation epoch completed: 51.0s | Loss: 0.6787 | F1: 0.5593 | Acc: 0.5881
2025-07-21 03:52:02,336 - DEBUG - Precision=0.4817 | Recall=0.6667 | Specificity=0.5374 | ROC-AUC=0.6312
2025-07-21 03:52:02,336 - INFO - Epoch 3/5 completed in 198.5s | Val F1: 0.5593
2025-07-21 03:52:02,339 - DEBUG - **New best model saved with F1-score: 0.5593.**
2025-07-21 03:52:02,340 - DEBUG - Epoch progress: 4/5
2025-07-21 03:52:02,341 - DEBUG - Starting model training epoch with 90 batches...
2025-07-21 03:54:31,163 - INFO - Training epoch completed: 148.8s | Training Loss:0.6248 | Training Accuracy=0.6459
2025-07-21 03:54:31,166 - DEBUG - Starting model validation epoch with 22 batches...
2025-07-21 03:55:22,281 - INFO - Validation epoch completed: 51.1s | Loss: 0.6790 | F1: 0.5550 | Acc: 0.5923
2025-07-21 03:55:22,281 - DEBUG - Precision=0.4851 | Recall=0.6486 | Specificity=0.5561 | ROC-AUC=0.6278
2025-07-21 03:55:22,282 - INFO - Epoch 4/5 completed in 199.9s | Val F1: 0.5550
2025-07-21 03:55:22,282 - DEBUG - Epoch progress: 5/5
2025-07-21 03:55:22,283 - DEBUG - Starting model training epoch with 90 batches...
2025-07-21 03:57:49,668 - INFO - Training epoch completed: 147.4s | Training Loss:0.6256 | Training Accuracy=0.6309
2025-07-21 03:57:49,671 - DEBUG - Starting model validation epoch with 22 batches...
2025-07-21 03:58:40,492 - INFO - Validation epoch completed: 50.8s | Loss: 0.6533 | F1: 0.3596 | Acc: 0.5952
2025-07-21 03:58:40,492 - DEBUG - Precision=0.4734 | Recall=0.2899 | Specificity=0.7921 | ROC-AUC=0.6313
2025-07-21 03:58:40,492 - INFO - Epoch 5/5 completed in 198.2s | Val F1: 0.3596
2025-07-21 03:58:40,492 - INFO - **Training completed. Total time: 16.6 minutes | Best F1-score 0.3596
2025-07-21 03:58:40,495 - INFO - Result | F1:0.5592705167173252 | Epoch:2
2025-07-21 03:58:40,495 - INFO - Config 32/54 | LR:0.001 | Optimizer:adamw | Depth:last_layer
2025-07-21 03:58:40,495 - DEBUG - Preparing densenet121 with 2 classes and last_layer depth.
2025-07-21 03:58:40,625 - DEBUG - DenseNet121 model loaded with ImageNet weights
2025-07-21 03:58:40,627 - DEBUG - All parameters frozen...
2025-07-21 03:58:40,627 - DEBUG - Classifier replaced from 1024 to 2 features.
2025-07-21 03:58:40,627 - DEBUG - Classifier layer unfrozen...
2025-07-21 03:58:40,627 - DEBUG - Densenet121 denseblock4 and norm5 unfrozen for training...
2025-07-21 03:58:40,627 - DEBUG - Model densenet121 prepared for training...
2025-07-21 03:58:40,629 - DEBUG - **Initialising training for densenet121 with LR=0.001, optimizer=adamw, depth=last_layer.
2025-07-21 03:58:40,659 - DEBUG - Optimizer adamw initialised with 0.001 learning rate.
2025-07-21 03:58:40,659 - DEBUG - Learning rate scheduler and early stopping initialised.
2025-07-21 03:58:40,659 - DEBUG - Starting training densenet121 on cuda for 5 epochs.
2025-07-21 03:58:40,659 - DEBUG - Epoch progress: 1/5
2025-07-21 03:58:40,661 - DEBUG - Starting model training epoch with 90 batches...
2025-07-21 04:01:09,020 - INFO - Training epoch completed: 148.4s | Training Loss:0.6474 | Training Accuracy=0.6159
2025-07-21 04:01:09,022 - DEBUG - Starting model validation epoch with 22 batches...
2025-07-21 04:02:00,121 - INFO - Validation epoch completed: 51.1s | Loss: 0.7492 | F1: 0.6050 | Acc: 0.5696
2025-07-21 04:02:00,122 - DEBUG - Precision=0.4725 | Recall=0.8406 | Specificity=0.3949 | ROC-AUC=0.6508
2025-07-21 04:02:00,122 - INFO - Epoch 1/5 completed in 199.5s | Val F1: 0.6050
2025-07-21 04:02:00,125 - DEBUG - **New best model saved with F1-score: 0.6050.**
2025-07-21 04:02:00,125 - DEBUG - Epoch progress: 2/5
2025-07-21 04:02:00,127 - DEBUG - Starting model training epoch with 90 batches...
2025-07-21 04:04:26,510 - INFO - Training epoch completed: 146.4s | Training Loss:0.5926 | Training Accuracy=0.6690
2025-07-21 04:04:26,512 - DEBUG - Starting model validation epoch with 22 batches...
2025-07-21 04:05:17,339 - INFO - Validation epoch completed: 50.8s | Loss: 0.6836 | F1: 0.5609 | Acc: 0.5952
2025-07-21 04:05:17,339 - DEBUG - Precision=0.4879 | Recall=0.6594 | Specificity=0.5537 | ROC-AUC=0.6555
2025-07-21 04:05:17,340 - INFO - Epoch 2/5 completed in 197.2s | Val F1: 0.5609
2025-07-21 04:05:17,340 - DEBUG - Epoch progress: 3/5
2025-07-21 04:05:17,341 - DEBUG - Starting model training epoch with 90 batches...
2025-07-21 04:07:44,345 - INFO - Training epoch completed: 147.0s | Training Loss:0.5775 | Training Accuracy=0.6889
2025-07-21 04:07:44,347 - DEBUG - Starting model validation epoch with 22 batches...
2025-07-21 04:08:35,645 - INFO - Validation epoch completed: 51.3s | Loss: 0.9336 | F1: 0.5897 | Acc: 0.5455
2025-07-21 04:08:35,646 - DEBUG - Precision=0.4563 | Recall=0.8333 | Specificity=0.3598 | ROC-AUC=0.6500
2025-07-21 04:08:35,646 - INFO - Epoch 3/5 completed in 198.3s | Val F1: 0.5897
2025-07-21 04:08:35,646 - DEBUG - Epoch progress: 4/5
2025-07-21 04:08:35,647 - DEBUG - Starting model training epoch with 90 batches...
2025-07-21 04:11:04,584 - INFO - Training epoch completed: 148.9s | Training Loss:0.5671 | Training Accuracy=0.7022
2025-07-21 04:11:04,585 - DEBUG - Starting model validation epoch with 22 batches...
2025-07-21 04:11:55,669 - INFO - Validation epoch completed: 51.1s | Loss: 0.7227 | F1: 0.6041 | Acc: 0.5866
2025-07-21 04:11:55,669 - DEBUG - Precision=0.4837 | Recall=0.8043 | Specificity=0.4463 | ROC-AUC=0.6734
2025-07-21 04:11:55,669 - INFO - Epoch 4/5 completed in 200.0s | Val F1: 0.6041
2025-07-21 04:11:55,669 - DEBUG - Epoch progress: 5/5
2025-07-21 04:11:55,672 - DEBUG - Starting model training epoch with 90 batches...
2025-07-21 04:14:23,101 - INFO - Training epoch completed: 147.4s | Training Loss:0.5535 | Training Accuracy=0.6945
2025-07-21 04:14:23,102 - DEBUG - Starting model validation epoch with 22 batches...
2025-07-21 04:15:15,468 - INFO - Validation epoch completed: 52.4s | Loss: 0.6564 | F1: 0.5653 | Acc: 0.6264
2025-07-21 04:15:15,469 - DEBUG - Precision=0.5198 | Recall=0.6196 | Specificity=0.6308 | ROC-AUC=0.6843
2025-07-21 04:15:15,469 - INFO - Learning rate changed from 0.001000 to 0.000500
2025-07-21 04:15:15,469 - INFO - Epoch 5/5 completed in 199.8s | Val F1: 0.5653
2025-07-21 04:15:15,469 - INFO - **Training completed. Total time: 16.6 minutes | Best F1-score 0.5653
2025-07-21 04:15:15,470 - INFO - Result | F1:0.6049543676662321 | Epoch:0
2025-07-21 04:15:15,470 - INFO - Config 33/54 | LR:0.001 | Optimizer:adamw | Depth:last_2_layers
2025-07-21 04:15:15,471 - DEBUG - Preparing densenet121 with 2 classes and last_2_layers depth.
2025-07-21 04:15:15,624 - DEBUG - DenseNet121 model loaded with ImageNet weights
2025-07-21 04:15:15,626 - DEBUG - All parameters frozen...
2025-07-21 04:15:15,626 - DEBUG - Classifier replaced from 1024 to 2 features.
2025-07-21 04:15:15,626 - DEBUG - Classifier layer unfrozen...
2025-07-21 04:15:15,627 - DEBUG - DenseNet121 denseblock3, transition3, denseblock4, and norm5 unfrozen for training...
2025-07-21 04:15:15,628 - DEBUG - Model densenet121 prepared for training...
2025-07-21 04:15:15,629 - DEBUG - **Initialising training for densenet121 with LR=0.001, optimizer=adamw, depth=last_2_layers.
2025-07-21 04:15:15,674 - DEBUG - Optimizer adamw initialised with 0.001 learning rate.
2025-07-21 04:15:15,675 - DEBUG - Learning rate scheduler and early stopping initialised.
2025-07-21 04:15:15,675 - DEBUG - Starting training densenet121 on cuda for 5 epochs.
2025-07-21 04:15:15,675 - DEBUG - Epoch progress: 1/5
2025-07-21 04:15:15,676 - DEBUG - Starting model training epoch with 90 batches...
2025-07-21 04:17:42,437 - INFO - Training epoch completed: 146.8s | Training Loss:0.6525 | Training Accuracy=0.6124
2025-07-21 04:17:42,440 - DEBUG - Starting model validation epoch with 22 batches...
2025-07-21 04:18:33,406 - INFO - Validation epoch completed: 51.0s | Loss: 0.6838 | F1: 0.5684 | Acc: 0.5923
2025-07-21 04:18:33,406 - DEBUG - Precision=0.4859 | Recall=0.6848 | Specificity=0.5327 | ROC-AUC=0.6376
2025-07-21 04:18:33,406 - INFO - Epoch 1/5 completed in 197.7s | Val F1: 0.5684
2025-07-21 04:18:33,411 - DEBUG - **New best model saved with F1-score: 0.5684.**
2025-07-21 04:18:33,411 - DEBUG - Epoch progress: 2/5
2025-07-21 04:18:33,412 - DEBUG - Starting model training epoch with 90 batches...
2025-07-21 04:21:02,190 - INFO - Training epoch completed: 148.8s | Training Loss:0.6098 | Training Accuracy=0.6393
2025-07-21 04:21:02,192 - DEBUG - Starting model validation epoch with 22 batches...
2025-07-21 04:21:53,298 - INFO - Validation epoch completed: 51.1s | Loss: 0.7380 | F1: 0.4355 | Acc: 0.6023
2025-07-21 04:21:53,298 - DEBUG - Precision=0.4909 | Recall=0.3913 | Specificity=0.7383 | ROC-AUC=0.5981
2025-07-21 04:21:53,298 - INFO - Epoch 2/5 completed in 199.9s | Val F1: 0.4355
2025-07-21 04:21:53,299 - DEBUG - Epoch progress: 3/5
2025-07-21 04:21:53,300 - DEBUG - Starting model training epoch with 90 batches...
2025-07-21 04:24:21,954 - INFO - Training epoch completed: 148.7s | Training Loss:0.6154 | Training Accuracy=0.6631
2025-07-21 04:24:21,956 - DEBUG - Starting model validation epoch with 22 batches...
2025-07-21 04:25:13,142 - INFO - Validation epoch completed: 51.2s | Loss: 0.8702 | F1: 0.5240 | Acc: 0.6051
2025-07-21 04:25:13,142 - DEBUG - Precision=0.4968 | Recall=0.5543 | Specificity=0.6379 | ROC-AUC=0.6062
2025-07-21 04:25:13,142 - INFO - Epoch 3/5 completed in 199.8s | Val F1: 0.5240
2025-07-21 04:25:13,142 - DEBUG - Epoch progress: 4/5
2025-07-21 04:25:13,145 - DEBUG - Starting model training epoch with 90 batches...
2025-07-21 04:27:42,923 - INFO - Training epoch completed: 149.8s | Training Loss:0.5979 | Training Accuracy=0.6641
2025-07-21 04:27:42,924 - DEBUG - Starting model validation epoch with 22 batches...
2025-07-21 04:28:33,803 - INFO - Validation epoch completed: 50.9s | Loss: 0.6924 | F1: 0.4245 | Acc: 0.6264
2025-07-21 04:28:33,803 - DEBUG - Precision=0.5359 | Recall=0.3514 | Specificity=0.8037 | ROC-AUC=0.6622
2025-07-21 04:28:33,803 - INFO - Epoch 4/5 completed in 200.7s | Val F1: 0.4245
2025-07-21 04:28:33,803 - DEBUG - Epoch progress: 5/5
2025-07-21 04:28:33,804 - DEBUG - Starting model training epoch with 90 batches...
2025-07-21 04:31:02,269 - INFO - Training epoch completed: 148.5s | Training Loss:0.5756 | Training Accuracy=0.6868
2025-07-21 04:31:02,271 - DEBUG - Starting model validation epoch with 22 batches...
2025-07-21 04:31:53,293 - INFO - Validation epoch completed: 51.0s | Loss: 0.6208 | F1: 0.5009 | Acc: 0.6207
2025-07-21 04:31:53,293 - DEBUG - Precision=0.5174 | Recall=0.4855 | Specificity=0.7079 | ROC-AUC=0.6871
2025-07-21 04:31:53,294 - INFO - Learning rate changed from 0.001000 to 0.000500
2025-07-21 04:31:53,294 - INFO - Epoch 5/5 completed in 199.5s | Val F1: 0.5009
2025-07-21 04:31:53,294 - INFO - **Training completed. Total time: 16.6 minutes | Best F1-score 0.5009
2025-07-21 04:31:53,296 - INFO - Result | F1:0.5684210526315789 | Epoch:0
2025-07-21 04:31:53,296 - INFO - Config 34/54 | LR:0.001 | Optimizer:sgd | Depth:classifier_only
2025-07-21 04:31:53,296 - DEBUG - Preparing densenet121 with 2 classes and classifier_only depth.
2025-07-21 04:31:53,528 - DEBUG - DenseNet121 model loaded with ImageNet weights
2025-07-21 04:31:53,529 - DEBUG - All parameters frozen...
2025-07-21 04:31:53,529 - DEBUG - Classifier replaced from 1024 to 2 features.
2025-07-21 04:31:53,529 - DEBUG - Classifier layer unfrozen...
2025-07-21 04:31:53,530 - DEBUG - Model densenet121 prepared for training...
2025-07-21 04:31:53,531 - DEBUG - **Initialising training for densenet121 with LR=0.001, optimizer=sgd, depth=classifier_only.
2025-07-21 04:31:53,557 - DEBUG - Optimizer sgd initialised with 0.001 learning rate.
2025-07-21 04:31:53,557 - DEBUG - Learning rate scheduler and early stopping initialised.
2025-07-21 04:31:53,557 - DEBUG - Starting training densenet121 on cuda for 5 epochs.
2025-07-21 04:31:53,557 - DEBUG - Epoch progress: 1/5
2025-07-21 04:31:53,559 - DEBUG - Starting model training epoch with 90 batches...
2025-07-21 04:34:19,885 - INFO - Training epoch completed: 146.3s | Training Loss:0.6698 | Training Accuracy=0.5883
2025-07-21 04:34:19,887 - DEBUG - Starting model validation epoch with 22 batches...
2025-07-21 04:35:10,744 - INFO - Validation epoch completed: 50.9s | Loss: 0.6578 | F1: 0.4368 | Acc: 0.5824
2025-07-21 04:35:10,744 - DEBUG - Precision=0.4634 | Recall=0.4130 | Specificity=0.6916 | ROC-AUC=0.6090
2025-07-21 04:35:10,744 - INFO - Epoch 1/5 completed in 197.2s | Val F1: 0.4368
2025-07-21 04:35:10,747 - DEBUG - **New best model saved with F1-score: 0.4368.**
2025-07-21 04:35:10,747 - DEBUG - Epoch progress: 2/5
2025-07-21 04:35:10,749 - DEBUG - Starting model training epoch with 90 batches...
2025-07-21 04:37:38,107 - INFO - Training epoch completed: 147.4s | Training Loss:0.6412 | Training Accuracy=0.6149
2025-07-21 04:37:38,109 - DEBUG - Starting model validation epoch with 22 batches...
2025-07-21 04:38:29,129 - INFO - Validation epoch completed: 51.0s | Loss: 0.6551 | F1: 0.2191 | Acc: 0.6051
2025-07-21 04:38:29,129 - DEBUG - Precision=0.4875 | Recall=0.1413 | Specificity=0.9042 | ROC-AUC=0.6245
2025-07-21 04:38:29,129 - INFO - Epoch 2/5 completed in 198.4s | Val F1: 0.2191
2025-07-21 04:38:29,130 - DEBUG - Epoch progress: 3/5
2025-07-21 04:38:29,132 - DEBUG - Starting model training epoch with 90 batches...
2025-07-21 04:40:56,600 - INFO - Training epoch completed: 147.5s | Training Loss:0.6515 | Training Accuracy=0.6243
2025-07-21 04:40:56,603 - DEBUG - Starting model validation epoch with 22 batches...
2025-07-21 04:41:47,598 - INFO - Validation epoch completed: 51.0s | Loss: 0.6636 | F1: 0.4992 | Acc: 0.5781
2025-07-21 04:41:47,598 - DEBUG - Precision=0.4669 | Recall=0.5362 | Specificity=0.6051 | ROC-AUC=0.6233
2025-07-21 04:41:47,598 - INFO - Epoch 3/5 completed in 198.5s | Val F1: 0.4992
2025-07-21 04:41:47,603 - DEBUG - **New best model saved with F1-score: 0.4992.**
2025-07-21 04:41:47,603 - DEBUG - Epoch progress: 4/5
2025-07-21 04:41:47,604 - DEBUG - Starting model training epoch with 90 batches...
2025-07-21 04:44:14,940 - INFO - Training epoch completed: 147.3s | Training Loss:0.6194 | Training Accuracy=0.6369
2025-07-21 04:44:14,942 - DEBUG - Starting model validation epoch with 22 batches...
2025-07-21 04:45:05,915 - INFO - Validation epoch completed: 51.0s | Loss: 0.6565 | F1: 0.4524 | Acc: 0.5668
2025-07-21 04:45:05,916 - DEBUG - Precision=0.4484 | Recall=0.4565 | Specificity=0.6379 | ROC-AUC=0.6231
2025-07-21 04:45:05,916 - INFO - Epoch 4/5 completed in 198.3s | Val F1: 0.4524
2025-07-21 04:45:05,916 - DEBUG - Epoch progress: 5/5
2025-07-21 04:45:05,917 - DEBUG - Starting model training epoch with 90 batches...
2025-07-21 04:47:32,222 - INFO - Training epoch completed: 146.3s | Training Loss:0.6209 | Training Accuracy=0.6411
2025-07-21 04:47:32,224 - DEBUG - Starting model validation epoch with 22 batches...
2025-07-21 04:48:23,243 - INFO - Validation epoch completed: 51.0s | Loss: 0.6630 | F1: 0.2755 | Acc: 0.5966
2025-07-21 04:48:23,243 - DEBUG - Precision=0.4655 | Recall=0.1957 | Specificity=0.8551 | ROC-AUC=0.6275
2025-07-21 04:48:23,243 - INFO - Epoch 5/5 completed in 197.3s | Val F1: 0.2755
2025-07-21 04:48:23,243 - INFO - **Training completed. Total time: 16.5 minutes | Best F1-score 0.2755
2025-07-21 04:48:23,246 - INFO - Result | F1:0.4991568296795953 | Epoch:2
2025-07-21 04:48:23,246 - INFO - Config 35/54 | LR:0.001 | Optimizer:sgd | Depth:last_layer
2025-07-21 04:48:23,246 - DEBUG - Preparing densenet121 with 2 classes and last_layer depth.
2025-07-21 04:48:23,405 - DEBUG - DenseNet121 model loaded with ImageNet weights
2025-07-21 04:48:23,407 - DEBUG - All parameters frozen...
2025-07-21 04:48:23,407 - DEBUG - Classifier replaced from 1024 to 2 features.
2025-07-21 04:48:23,407 - DEBUG - Classifier layer unfrozen...
2025-07-21 04:48:23,408 - DEBUG - Densenet121 denseblock4 and norm5 unfrozen for training...
2025-07-21 04:48:23,408 - DEBUG - Model densenet121 prepared for training...
2025-07-21 04:48:23,409 - DEBUG - **Initialising training for densenet121 with LR=0.001, optimizer=sgd, depth=last_layer.
2025-07-21 04:48:23,449 - DEBUG - Optimizer sgd initialised with 0.001 learning rate.
2025-07-21 04:48:23,449 - DEBUG - Learning rate scheduler and early stopping initialised.
2025-07-21 04:48:23,449 - DEBUG - Starting training densenet121 on cuda for 5 epochs.
2025-07-21 04:48:23,450 - DEBUG - Epoch progress: 1/5
2025-07-21 04:48:23,451 - DEBUG - Starting model training epoch with 90 batches...
2025-07-21 04:50:50,970 - INFO - Training epoch completed: 147.5s | Training Loss:0.6725 | Training Accuracy=0.5848
2025-07-21 04:50:50,973 - DEBUG - Starting model validation epoch with 22 batches...
2025-07-21 04:51:41,911 - INFO - Validation epoch completed: 50.9s | Loss: 0.6655 | F1: 0.4685 | Acc: 0.5682
2025-07-21 04:51:41,912 - DEBUG - Precision=0.4527 | Recall=0.4855 | Specificity=0.6215 | ROC-AUC=0.6118
2025-07-21 04:51:41,912 - INFO - Epoch 1/5 completed in 198.5s | Val F1: 0.4685
2025-07-21 04:51:41,915 - DEBUG - **New best model saved with F1-score: 0.4685.**
2025-07-21 04:51:41,915 - DEBUG - Epoch progress: 2/5
2025-07-21 04:51:41,916 - DEBUG - Starting model training epoch with 90 batches...
2025-07-21 04:54:09,105 - INFO - Training epoch completed: 147.2s | Training Loss:0.6357 | Training Accuracy=0.6302
2025-07-21 04:54:09,107 - DEBUG - Starting model validation epoch with 22 batches...
2025-07-21 04:55:00,063 - INFO - Validation epoch completed: 51.0s | Loss: 0.6500 | F1: 0.3370 | Acc: 0.5753
2025-07-21 04:55:00,063 - DEBUG - Precision=0.4343 | Recall=0.2754 | Specificity=0.7687 | ROC-AUC=0.6237
2025-07-21 04:55:00,064 - INFO - Epoch 2/5 completed in 198.1s | Val F1: 0.3370
2025-07-21 04:55:00,064 - DEBUG - Epoch progress: 3/5
2025-07-21 04:55:00,065 - DEBUG - Starting model training epoch with 90 batches...
2025-07-21 04:57:27,858 - INFO - Training epoch completed: 147.8s | Training Loss:0.6077 | Training Accuracy=0.6501
2025-07-21 04:57:27,859 - DEBUG - Starting model validation epoch with 22 batches...
2025-07-21 04:58:18,760 - INFO - Validation epoch completed: 50.9s | Loss: 0.6694 | F1: 0.5292 | Acc: 0.5881
2025-07-21 04:58:18,760 - DEBUG - Precision=0.4794 | Recall=0.5906 | Specificity=0.5864 | ROC-AUC=0.6315
2025-07-21 04:58:18,760 - INFO - Epoch 3/5 completed in 198.7s | Val F1: 0.5292
2025-07-21 04:58:18,765 - DEBUG - **New best model saved with F1-score: 0.5292.**
2025-07-21 04:58:18,765 - DEBUG - Epoch progress: 4/5
2025-07-21 04:58:18,767 - DEBUG - Starting model training epoch with 90 batches...
2025-07-21 05:00:46,604 - INFO - Training epoch completed: 147.8s | Training Loss:0.6030 | Training Accuracy=0.6666
2025-07-21 05:00:46,607 - DEBUG - Starting model validation epoch with 22 batches...
2025-07-21 05:01:37,518 - INFO - Validation epoch completed: 50.9s | Loss: 0.6606 | F1: 0.4715 | Acc: 0.6051
2025-07-21 05:01:37,518 - DEBUG - Precision=0.4960 | Recall=0.4493 | Specificity=0.7056 | ROC-AUC=0.6346
2025-07-21 05:01:37,518 - INFO - Epoch 4/5 completed in 198.8s | Val F1: 0.4715
2025-07-21 05:01:37,518 - DEBUG - Epoch progress: 5/5
2025-07-21 05:01:37,520 - DEBUG - Starting model training epoch with 90 batches...
2025-07-21 05:04:03,606 - INFO - Training epoch completed: 146.1s | Training Loss:0.5987 | Training Accuracy=0.6655
2025-07-21 05:04:03,608 - DEBUG - Starting model validation epoch with 22 batches...
2025-07-21 05:04:54,624 - INFO - Validation epoch completed: 51.0s | Loss: 0.6538 | F1: 0.4955 | Acc: 0.5980
2025-07-21 05:04:54,624 - DEBUG - Precision=0.4877 | Recall=0.5036 | Specificity=0.6589 | ROC-AUC=0.6459
2025-07-21 05:04:54,624 - INFO - Epoch 5/5 completed in 197.1s | Val F1: 0.4955
2025-07-21 05:04:54,624 - INFO - **Training completed. Total time: 16.5 minutes | Best F1-score 0.4955
2025-07-21 05:04:54,625 - INFO - Result | F1:0.5292207792207793 | Epoch:2
2025-07-21 05:04:54,626 - INFO - Config 36/54 | LR:0.001 | Optimizer:sgd | Depth:last_2_layers
2025-07-21 05:04:54,626 - DEBUG - Preparing densenet121 with 2 classes and last_2_layers depth.
2025-07-21 05:04:54,751 - DEBUG - DenseNet121 model loaded with ImageNet weights
2025-07-21 05:04:54,752 - DEBUG - All parameters frozen...
2025-07-21 05:04:54,753 - DEBUG - Classifier replaced from 1024 to 2 features.
2025-07-21 05:04:54,753 - DEBUG - Classifier layer unfrozen...
2025-07-21 05:04:54,754 - DEBUG - DenseNet121 denseblock3, transition3, denseblock4, and norm5 unfrozen for training...
2025-07-21 05:04:54,754 - DEBUG - Model densenet121 prepared for training...
2025-07-21 05:04:54,755 - DEBUG - **Initialising training for densenet121 with LR=0.001, optimizer=sgd, depth=last_2_layers.
2025-07-21 05:04:54,789 - DEBUG - Optimizer sgd initialised with 0.001 learning rate.
2025-07-21 05:04:54,789 - DEBUG - Learning rate scheduler and early stopping initialised.
2025-07-21 05:04:54,789 - DEBUG - Starting training densenet121 on cuda for 5 epochs.
2025-07-21 05:04:54,790 - DEBUG - Epoch progress: 1/5
2025-07-21 05:04:54,792 - DEBUG - Starting model training epoch with 90 batches...
2025-07-21 05:07:22,985 - INFO - Training epoch completed: 148.2s | Training Loss:0.6546 | Training Accuracy=0.5981
2025-07-21 05:07:22,989 - DEBUG - Starting model validation epoch with 22 batches...
2025-07-21 05:08:14,047 - INFO - Validation epoch completed: 51.1s | Loss: 0.6646 | F1: 0.4407 | Acc: 0.5710
2025-07-21 05:08:14,047 - DEBUG - Precision=0.4508 | Recall=0.4312 | Specificity=0.6612 | ROC-AUC=0.6232
2025-07-21 05:08:14,047 - INFO - Epoch 1/5 completed in 199.3s | Val F1: 0.4407
2025-07-21 05:08:14,050 - DEBUG - **New best model saved with F1-score: 0.4407.**
2025-07-21 05:08:14,050 - DEBUG - Epoch progress: 2/5
2025-07-21 05:08:14,052 - DEBUG - Starting model training epoch with 90 batches...
2025-07-21 05:10:41,580 - INFO - Training epoch completed: 147.5s | Training Loss:0.6088 | Training Accuracy=0.6526
2025-07-21 05:10:41,582 - DEBUG - Starting model validation epoch with 22 batches...
2025-07-21 05:11:32,707 - INFO - Validation epoch completed: 51.1s | Loss: 0.6539 | F1: 0.4516 | Acc: 0.6136
2025-07-21 05:11:32,707 - DEBUG - Precision=0.5091 | Recall=0.4058 | Specificity=0.7477 | ROC-AUC=0.6423
2025-07-21 05:11:32,707 - INFO - Epoch 2/5 completed in 198.7s | Val F1: 0.4516
2025-07-21 05:11:32,711 - DEBUG - **New best model saved with F1-score: 0.4516.**
2025-07-21 05:11:32,712 - DEBUG - Epoch progress: 3/5
2025-07-21 05:11:32,713 - DEBUG - Starting model training epoch with 90 batches...
2025-07-21 05:14:00,551 - INFO - Training epoch completed: 147.8s | Training Loss:0.6038 | Training Accuracy=0.6540
2025-07-21 05:14:00,553 - DEBUG - Starting model validation epoch with 22 batches...
2025-07-21 05:14:51,306 - INFO - Validation epoch completed: 50.7s | Loss: 0.6546 | F1: 0.4072 | Acc: 0.6236
2025-07-21 05:14:51,306 - DEBUG - Precision=0.5322 | Recall=0.3297 | Specificity=0.8131 | ROC-AUC=0.6545
2025-07-21 05:14:51,307 - INFO - Epoch 3/5 completed in 198.6s | Val F1: 0.4072
2025-07-21 05:14:51,307 - DEBUG - Epoch progress: 4/5
2025-07-21 05:14:51,308 - DEBUG - Starting model training epoch with 90 batches...
2025-07-21 05:17:19,559 - INFO - Training epoch completed: 148.3s | Training Loss:0.5813 | Training Accuracy=0.6728
2025-07-21 05:17:19,560 - DEBUG - Starting model validation epoch with 22 batches...
2025-07-21 05:18:10,584 - INFO - Validation epoch completed: 51.0s | Loss: 0.7623 | F1: 0.1558 | Acc: 0.6151
2025-07-21 05:18:10,584 - DEBUG - Precision=0.5556 | Recall=0.0906 | Specificity=0.9533 | ROC-AUC=0.6548
2025-07-21 05:18:10,584 - INFO - Epoch 4/5 completed in 199.3s | Val F1: 0.1558
2025-07-21 05:18:10,584 - DEBUG - Epoch progress: 5/5
2025-07-21 05:18:10,586 - DEBUG - Starting model training epoch with 90 batches...
2025-07-21 05:20:40,103 - INFO - Training epoch completed: 149.5s | Training Loss:0.5831 | Training Accuracy=0.6777
2025-07-21 05:20:40,104 - DEBUG - Starting model validation epoch with 22 batches...
2025-07-21 05:21:31,168 - INFO - Validation epoch completed: 51.1s | Loss: 0.7123 | F1: 0.5204 | Acc: 0.5994
2025-07-21 05:21:31,168 - DEBUG - Precision=0.4904 | Recall=0.5543 | Specificity=0.6285 | ROC-AUC=0.6484
2025-07-21 05:21:31,168 - INFO - Epoch 5/5 completed in 200.6s | Val F1: 0.5204
2025-07-21 05:21:31,174 - DEBUG - **New best model saved with F1-score: 0.5204.**
2025-07-21 05:21:31,175 - INFO - **Training completed. Total time: 16.6 minutes | Best F1-score 0.5204
2025-07-21 05:21:31,177 - INFO - Result | F1:0.5204081632653061 | Epoch:4
2025-07-21 05:21:31,338 - INFO - Best model for densenet121 saved.
2025-07-21 05:21:31,338 - INFO - Best transfer learning parameters: model=densenet121, LR=0.0001, Optimizer=adam, Depth=last_2_layers.
2025-07-21 05:21:31,338 - INFO - Best transfer learning parameters: model=densenet121, LR=0.0001, Optimizer=adam, Depth=last_2_layers.
2025-07-21 05:21:31,338 - INFO - Best transfer learning parameters: model=densenet121, LR=0.0001, Optimizer=adam, Depth=last_2_layers.
2025-07-21 05:21:31,340 - INFO - densenet121 complete | Total time: 299.1 minutes.
2025-07-21 05:21:31,340 - INFO - Model: inception_v3
2025-07-21 05:21:31,341 - INFO - Config 37/54 | LR:0.0001 | Optimizer:adam | Depth:classifier_only
2025-07-21 05:21:31,341 - DEBUG - Preparing inception_v3 with 2 classes and classifier_only depth.
2025-07-21 05:21:31,569 - DEBUG - Inception_V3 model loaded with ImageNet weights
2025-07-21 05:21:31,570 - DEBUG - All parameters frozen...
2025-07-21 05:21:31,570 - DEBUG - Classifier replaced from 2048 to 2 features.
2025-07-21 05:21:31,570 - DEBUG - Classifier layer unfrozen...
2025-07-21 05:21:31,570 - DEBUG - Model inception_v3 prepared for training...
2025-07-21 05:21:31,572 - DEBUG - **Initialising training for inception_v3 with LR=0.0001, optimizer=adam, depth=classifier_only.
2025-07-21 05:21:31,605 - DEBUG - Optimizer adam initialised with 0.0001 learning rate.
2025-07-21 05:21:31,605 - DEBUG - Learning rate scheduler and early stopping initialised.
2025-07-21 05:21:31,605 - DEBUG - Starting training inception_v3 on cuda for 5 epochs.
2025-07-21 05:21:31,605 - DEBUG - Epoch progress: 1/5
2025-07-21 05:21:31,607 - DEBUG - Starting model training epoch with 90 batches...
2025-07-21 05:24:03,349 - INFO - Training epoch completed: 151.7s | Training Loss:0.6881 | Training Accuracy=0.5698
2025-07-21 05:24:03,351 - DEBUG - Starting model validation epoch with 22 batches...
2025-07-21 05:24:54,921 - INFO - Validation epoch completed: 51.6s | Loss: 0.6675 | F1: 0.0350 | Acc: 0.6080
2025-07-21 05:24:54,921 - DEBUG - Precision=0.5000 | Recall=0.0181 | Specificity=0.9883 | ROC-AUC=0.5434
2025-07-21 05:24:54,921 - INFO - Epoch 1/5 completed in 203.3s | Val F1: 0.0350
2025-07-21 05:24:54,925 - DEBUG - **New best model saved with F1-score: 0.0350.**
2025-07-21 05:24:54,925 - DEBUG - Epoch progress: 2/5
2025-07-21 05:24:54,926 - DEBUG - Starting model training epoch with 90 batches...
2025-07-21 05:27:26,446 - INFO - Training epoch completed: 151.5s | Training Loss:0.6742 | Training Accuracy=0.5814
2025-07-21 05:27:26,447 - DEBUG - Starting model validation epoch with 22 batches...
2025-07-21 05:28:18,503 - INFO - Validation epoch completed: 52.1s | Loss: 0.6617 | F1: 0.0283 | Acc: 0.6094
2025-07-21 05:28:18,503 - DEBUG - Precision=0.5714 | Recall=0.0145 | Specificity=0.9930 | ROC-AUC=0.5785
2025-07-21 05:28:18,503 - INFO - Epoch 2/5 completed in 203.6s | Val F1: 0.0283
2025-07-21 05:28:18,503 - DEBUG - Epoch progress: 3/5
2025-07-21 05:28:18,505 - DEBUG - Starting model training epoch with 90 batches...
2025-07-21 05:30:49,561 - INFO - Training epoch completed: 151.1s | Training Loss:0.6675 | Training Accuracy=0.5890
2025-07-21 05:30:49,563 - DEBUG - Starting model validation epoch with 22 batches...
2025-07-21 05:31:41,566 - INFO - Validation epoch completed: 52.0s | Loss: 0.6586 | F1: 0.0072 | Acc: 0.6080
2025-07-21 05:31:41,566 - DEBUG - Precision=0.5000 | Recall=0.0036 | Specificity=0.9977 | ROC-AUC=0.6000
2025-07-21 05:31:41,566 - INFO - Epoch 3/5 completed in 203.1s | Val F1: 0.0072
2025-07-21 05:31:41,566 - DEBUG - Epoch progress: 4/5
2025-07-21 05:31:41,567 - DEBUG - Starting model training epoch with 90 batches...
2025-07-21 05:34:12,767 - INFO - Training epoch completed: 151.2s | Training Loss:0.6704 | Training Accuracy=0.5803
2025-07-21 05:34:12,769 - DEBUG - Starting model validation epoch with 22 batches...
2025-07-21 05:35:04,599 - INFO - Validation epoch completed: 51.8s | Loss: 0.6563 | F1: 0.2081 | Acc: 0.6108
2025-07-21 05:35:04,599 - DEBUG - Precision=0.5143 | Recall=0.1304 | Specificity=0.9206 | ROC-AUC=0.6001
2025-07-21 05:35:04,599 - INFO - Epoch 4/5 completed in 203.0s | Val F1: 0.2081
2025-07-21 05:35:04,603 - DEBUG - **New best model saved with F1-score: 0.2081.**
2025-07-21 05:35:04,603 - DEBUG - Epoch progress: 5/5
2025-07-21 05:35:04,604 - DEBUG - Starting model training epoch with 90 batches...
2025-07-21 05:37:36,329 - INFO - Training epoch completed: 151.7s | Training Loss:0.6609 | Training Accuracy=0.5943
2025-07-21 05:37:36,330 - DEBUG - Starting model validation epoch with 22 batches...
2025-07-21 05:38:28,033 - INFO - Validation epoch completed: 51.7s | Loss: 0.6564 | F1: 0.3202 | Acc: 0.6080
2025-07-21 05:38:28,034 - DEBUG - Precision=0.5000 | Recall=0.2355 | Specificity=0.8481 | ROC-AUC=0.6032
2025-07-21 05:38:28,034 - INFO - Epoch 5/5 completed in 203.4s | Val F1: 0.3202
2025-07-21 05:38:28,036 - DEBUG - **New best model saved with F1-score: 0.3202.**
2025-07-21 05:38:28,036 - INFO - **Training completed. Total time: 16.9 minutes | Best F1-score 0.3202
2025-07-21 05:38:28,038 - INFO - Result | F1:0.32019704433497537 | Epoch:4
2025-07-21 05:38:28,038 - INFO - New best for inception_v3: F1=0.3202
2025-07-21 05:38:28,038 - INFO - Config 38/54 | LR:0.0001 | Optimizer:adam | Depth:last_layer
2025-07-21 05:38:28,039 - DEBUG - Preparing inception_v3 with 2 classes and last_layer depth.
2025-07-21 05:38:28,297 - DEBUG - Inception_V3 model loaded with ImageNet weights
2025-07-21 05:38:28,299 - DEBUG - All parameters frozen...
2025-07-21 05:38:28,299 - DEBUG - Classifier replaced from 2048 to 2 features.
2025-07-21 05:38:28,299 - DEBUG - Classifier layer unfrozen...
2025-07-21 05:38:28,299 - DEBUG - Inception_V3 mixed_7c unfrozen for training...
2025-07-21 05:38:28,300 - DEBUG - Model inception_v3 prepared for training...
2025-07-21 05:38:28,300 - DEBUG - **Initialising training for inception_v3 with LR=0.0001, optimizer=adam, depth=last_layer.
2025-07-21 05:38:28,332 - DEBUG - Optimizer adam initialised with 0.0001 learning rate.
2025-07-21 05:38:28,332 - DEBUG - Learning rate scheduler and early stopping initialised.
2025-07-21 05:38:28,333 - DEBUG - Starting training inception_v3 on cuda for 5 epochs.
2025-07-21 05:38:28,333 - DEBUG - Epoch progress: 1/5
2025-07-21 05:38:28,334 - DEBUG - Starting model training epoch with 90 batches...
2025-07-21 05:41:00,415 - INFO - Training epoch completed: 152.1s | Training Loss:0.6450 | Training Accuracy=0.6128
2025-07-21 05:41:00,416 - DEBUG - Starting model validation epoch with 22 batches...
2025-07-21 05:41:52,470 - INFO - Validation epoch completed: 52.0s | Loss: 0.6659 | F1: 0.4983 | Acc: 0.5682
2025-07-21 05:41:52,470 - DEBUG - Precision=0.4576 | Recall=0.5471 | Specificity=0.5818 | ROC-AUC=0.6063
2025-07-21 05:41:52,470 - INFO - Epoch 1/5 completed in 204.1s | Val F1: 0.4983
2025-07-21 05:41:52,473 - DEBUG - **New best model saved with F1-score: 0.4983.**
2025-07-21 05:41:52,473 - DEBUG - Epoch progress: 2/5
2025-07-21 05:41:52,474 - DEBUG - Starting model training epoch with 90 batches...
2025-07-21 05:44:23,546 - INFO - Training epoch completed: 151.1s | Training Loss:0.6118 | Training Accuracy=0.6414
2025-07-21 05:44:23,547 - DEBUG - Starting model validation epoch with 22 batches...
2025-07-21 05:45:15,545 - INFO - Validation epoch completed: 52.0s | Loss: 0.6503 | F1: 0.4319 | Acc: 0.5852
2025-07-21 05:45:15,545 - DEBUG - Precision=0.4664 | Recall=0.4022 | Specificity=0.7033 | ROC-AUC=0.6309
2025-07-21 05:45:15,545 - INFO - Epoch 2/5 completed in 203.1s | Val F1: 0.4319
2025-07-21 05:45:15,546 - DEBUG - Epoch progress: 3/5
2025-07-21 05:45:15,547 - DEBUG - Starting model training epoch with 90 batches...
2025-07-21 05:47:45,719 - INFO - Training epoch completed: 150.2s | Training Loss:0.5975 | Training Accuracy=0.6550
2025-07-21 05:47:45,721 - DEBUG - Starting model validation epoch with 22 batches...
2025-07-21 05:48:37,637 - INFO - Validation epoch completed: 51.9s | Loss: 0.6880 | F1: 0.5166 | Acc: 0.5668
2025-07-21 05:48:37,637 - DEBUG - Precision=0.4592 | Recall=0.5906 | Specificity=0.5514 | ROC-AUC=0.6196
2025-07-21 05:48:37,637 - INFO - Epoch 3/5 completed in 202.1s | Val F1: 0.5166
2025-07-21 05:48:37,641 - DEBUG - **New best model saved with F1-score: 0.5166.**
2025-07-21 05:48:37,641 - DEBUG - Epoch progress: 4/5
2025-07-21 05:48:37,642 - DEBUG - Starting model training epoch with 90 batches...
2025-07-21 05:51:08,287 - INFO - Training epoch completed: 150.6s | Training Loss:0.5853 | Training Accuracy=0.6693
2025-07-21 05:51:08,288 - DEBUG - Starting model validation epoch with 22 batches...
2025-07-21 05:52:00,103 - INFO - Validation epoch completed: 51.8s | Loss: 0.6998 | F1: 0.5618 | Acc: 0.5767
2025-07-21 05:52:00,103 - DEBUG - Precision=0.4728 | Recall=0.6920 | Specificity=0.5023 | ROC-AUC=0.6264
2025-07-21 05:52:00,103 - INFO - Epoch 4/5 completed in 202.5s | Val F1: 0.5618
2025-07-21 05:52:00,107 - DEBUG - **New best model saved with F1-score: 0.5618.**
2025-07-21 05:52:00,107 - DEBUG - Epoch progress: 5/5
2025-07-21 05:52:00,108 - DEBUG - Starting model training epoch with 90 batches...
2025-07-21 05:54:30,445 - INFO - Training epoch completed: 150.3s | Training Loss:0.5697 | Training Accuracy=0.6910
2025-07-21 05:54:30,447 - DEBUG - Starting model validation epoch with 22 batches...
2025-07-21 05:55:22,652 - INFO - Validation epoch completed: 52.2s | Loss: 0.7488 | F1: 0.5803 | Acc: 0.5582
2025-07-21 05:55:22,653 - DEBUG - Precision=0.4624 | Recall=0.7790 | Specificity=0.4159 | ROC-AUC=0.6291
2025-07-21 05:55:22,653 - INFO - Epoch 5/5 completed in 202.5s | Val F1: 0.5803
2025-07-21 05:55:22,655 - DEBUG - **New best model saved with F1-score: 0.5803.**
2025-07-21 05:55:22,656 - INFO - **Training completed. Total time: 16.9 minutes | Best F1-score 0.5803
2025-07-21 05:55:22,656 - INFO - Result | F1:0.5802968960863698 | Epoch:4
2025-07-21 05:55:22,657 - INFO - New best for inception_v3: F1=0.5803
2025-07-21 05:55:22,657 - INFO - Config 39/54 | LR:0.0001 | Optimizer:adam | Depth:last_2_layers
2025-07-21 05:55:22,657 - DEBUG - Preparing inception_v3 with 2 classes and last_2_layers depth.
2025-07-21 05:55:22,904 - DEBUG - Inception_V3 model loaded with ImageNet weights
2025-07-21 05:55:22,906 - DEBUG - All parameters frozen...
2025-07-21 05:55:22,906 - DEBUG - Classifier replaced from 2048 to 2 features.
2025-07-21 05:55:22,906 - DEBUG - Classifier layer unfrozen...
2025-07-21 05:55:22,907 - DEBUG - Inception_V3 mixed_7b and mixed_7c unfrozen for training...
2025-07-21 05:55:22,907 - DEBUG - Model inception_v3 prepared for training...
2025-07-21 05:55:22,908 - DEBUG - **Initialising training for inception_v3 with LR=0.0001, optimizer=adam, depth=last_2_layers.
2025-07-21 05:55:22,937 - DEBUG - Optimizer adam initialised with 0.0001 learning rate.
2025-07-21 05:55:22,937 - DEBUG - Learning rate scheduler and early stopping initialised.
2025-07-21 05:55:22,937 - DEBUG - Starting training inception_v3 on cuda for 5 epochs.
2025-07-21 05:55:22,937 - DEBUG - Epoch progress: 1/5
2025-07-21 05:55:22,938 - DEBUG - Starting model training epoch with 90 batches...
2025-07-21 05:57:55,052 - INFO - Training epoch completed: 152.1s | Training Loss:0.6377 | Training Accuracy=0.6177
2025-07-21 05:57:55,054 - DEBUG - Starting model validation epoch with 22 batches...
2025-07-21 05:58:46,799 - INFO - Validation epoch completed: 51.7s | Loss: 0.6807 | F1: 0.5299 | Acc: 0.5639
2025-07-21 05:58:46,799 - DEBUG - Precision=0.4589 | Recall=0.6268 | Specificity=0.5234 | ROC-AUC=0.6107
2025-07-21 05:58:46,799 - INFO - Epoch 1/5 completed in 203.9s | Val F1: 0.5299
2025-07-21 05:58:46,801 - DEBUG - **New best model saved with F1-score: 0.5299.**
2025-07-21 05:58:46,801 - DEBUG - Epoch progress: 2/5
2025-07-21 05:58:46,802 - DEBUG - Starting model training epoch with 90 batches...
2025-07-21 06:01:17,598 - INFO - Training epoch completed: 150.8s | Training Loss:0.5956 | Training Accuracy=0.6613
2025-07-21 06:01:17,600 - DEBUG - Starting model validation epoch with 22 batches...
2025-07-21 06:02:09,147 - INFO - Validation epoch completed: 51.5s | Loss: 0.6732 | F1: 0.5576 | Acc: 0.5852
2025-07-21 06:02:09,147 - DEBUG - Precision=0.4792 | Recall=0.6667 | Specificity=0.5327 | ROC-AUC=0.6498
2025-07-21 06:02:09,148 - INFO - Epoch 2/5 completed in 202.3s | Val F1: 0.5576
2025-07-21 06:02:09,152 - DEBUG - **New best model saved with F1-score: 0.5576.**
2025-07-21 06:02:09,152 - DEBUG - Epoch progress: 3/5
2025-07-21 06:02:09,154 - DEBUG - Starting model training epoch with 90 batches...
2025-07-21 06:04:41,009 - INFO - Training epoch completed: 151.9s | Training Loss:0.5630 | Training Accuracy=0.6941
2025-07-21 06:04:41,011 - DEBUG - Starting model validation epoch with 22 batches...
2025-07-21 06:05:32,989 - INFO - Validation epoch completed: 52.0s | Loss: 0.7058 | F1: 0.5948 | Acc: 0.5781
2025-07-21 06:05:32,990 - DEBUG - Precision=0.4770 | Recall=0.7899 | Specificity=0.4416 | ROC-AUC=0.6580
2025-07-21 06:05:32,990 - INFO - Epoch 3/5 completed in 203.8s | Val F1: 0.5948
2025-07-21 06:05:32,995 - DEBUG - **New best model saved with F1-score: 0.5948.**
2025-07-21 06:05:32,995 - DEBUG - Epoch progress: 4/5
2025-07-21 06:05:32,996 - DEBUG - Starting model training epoch with 90 batches...
2025-07-21 06:08:04,673 - INFO - Training epoch completed: 151.7s | Training Loss:0.5580 | Training Accuracy=0.6945
2025-07-21 06:08:04,675 - DEBUG - Starting model validation epoch with 22 batches...
2025-07-21 06:08:56,376 - INFO - Validation epoch completed: 51.7s | Loss: 0.6957 | F1: 0.5639 | Acc: 0.5781
2025-07-21 06:08:56,376 - DEBUG - Precision=0.4741 | Recall=0.6957 | Specificity=0.5023 | ROC-AUC=0.6534
2025-07-21 06:08:56,377 - INFO - Epoch 4/5 completed in 203.4s | Val F1: 0.5639
2025-07-21 06:08:56,377 - DEBUG - Epoch progress: 5/5
2025-07-21 06:08:56,378 - DEBUG - Starting model training epoch with 90 batches...
2025-07-21 06:11:27,465 - INFO - Training epoch completed: 151.1s | Training Loss:0.5303 | Training Accuracy=0.7130
2025-07-21 06:11:27,466 - DEBUG - Starting model validation epoch with 22 batches...
2025-07-21 06:12:19,356 - INFO - Validation epoch completed: 51.9s | Loss: 0.7134 | F1: 0.5780 | Acc: 0.5582
2025-07-21 06:12:19,356 - DEBUG - Precision=0.4620 | Recall=0.7717 | Specificity=0.4206 | ROC-AUC=0.6520
2025-07-21 06:12:19,356 - INFO - Epoch 5/5 completed in 203.0s | Val F1: 0.5780
2025-07-21 06:12:19,356 - INFO - **Training completed. Total time: 16.9 minutes | Best F1-score 0.5780
2025-07-21 06:12:19,356 - INFO - Result | F1:0.5948158253751705 | Epoch:2
2025-07-21 06:12:19,358 - INFO - New best for inception_v3: F1=0.5948
2025-07-21 06:12:19,358 - INFO - Config 40/54 | LR:0.0001 | Optimizer:adamw | Depth:classifier_only
2025-07-21 06:12:19,358 - DEBUG - Preparing inception_v3 with 2 classes and classifier_only depth.
2025-07-21 06:12:19,609 - DEBUG - Inception_V3 model loaded with ImageNet weights
2025-07-21 06:12:19,611 - DEBUG - All parameters frozen...
2025-07-21 06:12:19,611 - DEBUG - Classifier replaced from 2048 to 2 features.
2025-07-21 06:12:19,611 - DEBUG - Classifier layer unfrozen...
2025-07-21 06:12:19,611 - DEBUG - Model inception_v3 prepared for training...
2025-07-21 06:12:19,612 - DEBUG - **Initialising training for inception_v3 with LR=0.0001, optimizer=adamw, depth=classifier_only.
2025-07-21 06:12:19,647 - DEBUG - Optimizer adamw initialised with 0.0001 learning rate.
2025-07-21 06:12:19,648 - DEBUG - Learning rate scheduler and early stopping initialised.
2025-07-21 06:12:19,648 - DEBUG - Starting training inception_v3 on cuda for 5 epochs.
2025-07-21 06:12:19,648 - DEBUG - Epoch progress: 1/5
2025-07-21 06:12:19,649 - DEBUG - Starting model training epoch with 90 batches...
2025-07-21 06:14:50,883 - INFO - Training epoch completed: 151.2s | Training Loss:0.6876 | Training Accuracy=0.5698
2025-07-21 06:14:50,885 - DEBUG - Starting model validation epoch with 22 batches...
2025-07-21 06:15:42,731 - INFO - Validation epoch completed: 51.8s | Loss: 0.6693 | F1: 0.0664 | Acc: 0.6009
2025-07-21 06:15:42,731 - DEBUG - Precision=0.4000 | Recall=0.0362 | Specificity=0.9650 | ROC-AUC=0.5324
2025-07-21 06:15:42,731 - INFO - Epoch 1/5 completed in 203.1s | Val F1: 0.0664
2025-07-21 06:15:42,734 - DEBUG - **New best model saved with F1-score: 0.0664.**
2025-07-21 06:15:42,734 - DEBUG - Epoch progress: 2/5
2025-07-21 06:15:42,735 - DEBUG - Starting model training epoch with 90 batches...
2025-07-21 06:18:13,984 - INFO - Training epoch completed: 151.2s | Training Loss:0.6787 | Training Accuracy=0.5702
2025-07-21 06:18:13,985 - DEBUG - Starting model validation epoch with 22 batches...
2025-07-21 06:19:06,023 - INFO - Validation epoch completed: 52.0s | Loss: 0.6684 | F1: 0.1717 | Acc: 0.5753
2025-07-21 06:19:06,023 - DEBUG - Precision=0.3647 | Recall=0.1123 | Specificity=0.8738 | ROC-AUC=0.5565
2025-07-21 06:19:06,024 - INFO - Epoch 2/5 completed in 203.3s | Val F1: 0.1717
2025-07-21 06:19:06,027 - DEBUG - **New best model saved with F1-score: 0.1717.**
2025-07-21 06:19:06,027 - DEBUG - Epoch progress: 3/5
2025-07-21 06:19:06,028 - DEBUG - Starting model training epoch with 90 batches...
2025-07-21 06:21:37,539 - INFO - Training epoch completed: 151.5s | Training Loss:0.6732 | Training Accuracy=0.5873
2025-07-21 06:21:37,539 - DEBUG - Starting model validation epoch with 22 batches...
2025-07-21 06:22:29,639 - INFO - Validation epoch completed: 52.1s | Loss: 0.6615 | F1: 0.0213 | Acc: 0.6080
2025-07-21 06:22:29,639 - DEBUG - Precision=0.5000 | Recall=0.0109 | Specificity=0.9930 | ROC-AUC=0.5775
2025-07-21 06:22:29,639 - INFO - Epoch 3/5 completed in 203.6s | Val F1: 0.0213
2025-07-21 06:22:29,639 - DEBUG - Epoch progress: 4/5
2025-07-21 06:22:29,640 - DEBUG - Starting model training epoch with 90 batches...
2025-07-21 06:25:01,251 - INFO - Training epoch completed: 151.6s | Training Loss:0.6678 | Training Accuracy=0.5841
2025-07-21 06:25:01,253 - DEBUG - Starting model validation epoch with 22 batches...
2025-07-21 06:25:53,182 - INFO - Validation epoch completed: 51.9s | Loss: 0.6573 | F1: 0.0803 | Acc: 0.6094
2025-07-21 06:25:53,182 - DEBUG - Precision=0.5217 | Recall=0.0435 | Specificity=0.9743 | ROC-AUC=0.5873
2025-07-21 06:25:53,182 - INFO - Epoch 4/5 completed in 203.5s | Val F1: 0.0803
2025-07-21 06:25:53,182 - DEBUG - Epoch progress: 5/5
2025-07-21 06:25:53,184 - DEBUG - Starting model training epoch with 90 batches...
2025-07-21 06:28:25,203 - INFO - Training epoch completed: 152.0s | Training Loss:0.6706 | Training Accuracy=0.5855
2025-07-21 06:28:25,205 - DEBUG - Starting model validation epoch with 22 batches...
2025-07-21 06:29:17,139 - INFO - Validation epoch completed: 51.9s | Loss: 0.6573 | F1: 0.0678 | Acc: 0.6094
2025-07-21 06:29:17,139 - DEBUG - Precision=0.5263 | Recall=0.0362 | Specificity=0.9790 | ROC-AUC=0.5893
2025-07-21 06:29:17,139 - INFO - Epoch 5/5 completed in 204.0s | Val F1: 0.0678
2025-07-21 06:29:17,139 - INFO - **Training completed. Total time: 17.0 minutes | Best F1-score 0.0678
2025-07-21 06:29:17,139 - INFO - Result | F1:0.17174515235457063 | Epoch:1
2025-07-21 06:29:17,141 - INFO - Config 41/54 | LR:0.0001 | Optimizer:adamw | Depth:last_layer
2025-07-21 06:29:17,141 - DEBUG - Preparing inception_v3 with 2 classes and last_layer depth.
2025-07-21 06:29:17,399 - DEBUG - Inception_V3 model loaded with ImageNet weights
2025-07-21 06:29:17,401 - DEBUG - All parameters frozen...
2025-07-21 06:29:17,401 - DEBUG - Classifier replaced from 2048 to 2 features.
2025-07-21 06:29:17,401 - DEBUG - Classifier layer unfrozen...
2025-07-21 06:29:17,401 - DEBUG - Inception_V3 mixed_7c unfrozen for training...
2025-07-21 06:29:17,401 - DEBUG - Model inception_v3 prepared for training...
2025-07-21 06:29:17,402 - DEBUG - **Initialising training for inception_v3 with LR=0.0001, optimizer=adamw, depth=last_layer.
2025-07-21 06:29:17,438 - DEBUG - Optimizer adamw initialised with 0.0001 learning rate.
2025-07-21 06:29:17,439 - DEBUG - Learning rate scheduler and early stopping initialised.
2025-07-21 06:29:17,439 - DEBUG - Starting training inception_v3 on cuda for 5 epochs.
2025-07-21 06:29:17,439 - DEBUG - Epoch progress: 1/5
2025-07-21 06:29:17,440 - DEBUG - Starting model training epoch with 90 batches...
2025-07-21 06:31:47,061 - INFO - Training epoch completed: 149.6s | Training Loss:0.6417 | Training Accuracy=0.6121
2025-07-21 06:31:47,062 - DEBUG - Starting model validation epoch with 22 batches...
2025-07-21 06:32:39,048 - INFO - Validation epoch completed: 52.0s | Loss: 0.6681 | F1: 0.3463 | Acc: 0.5710
2025-07-21 06:32:39,049 - DEBUG - Precision=0.4301 | Recall=0.2899 | Specificity=0.7523 | ROC-AUC=0.5967
2025-07-21 06:32:39,049 - INFO - Epoch 1/5 completed in 201.6s | Val F1: 0.3463
2025-07-21 06:32:39,052 - DEBUG - **New best model saved with F1-score: 0.3463.**
2025-07-21 06:32:39,052 - DEBUG - Epoch progress: 2/5
2025-07-21 06:32:39,053 - DEBUG - Starting model training epoch with 90 batches...
2025-07-21 06:35:09,214 - INFO - Training epoch completed: 150.2s | Training Loss:0.6060 | Training Accuracy=0.6526
2025-07-21 06:35:09,216 - DEBUG - Starting model validation epoch with 22 batches...
2025-07-21 06:36:00,907 - INFO - Validation epoch completed: 51.7s | Loss: 0.6841 | F1: 0.5228 | Acc: 0.5696
2025-07-21 06:36:00,908 - DEBUG - Precision=0.4624 | Recall=0.6014 | Specificity=0.5491 | ROC-AUC=0.6109
2025-07-21 06:36:00,908 - INFO - Epoch 2/5 completed in 201.9s | Val F1: 0.5228
2025-07-21 06:36:00,911 - DEBUG - **New best model saved with F1-score: 0.5228.**
2025-07-21 06:36:00,911 - DEBUG - Epoch progress: 3/5
2025-07-21 06:36:00,912 - DEBUG - Starting model training epoch with 90 batches...
2025-07-21 06:38:32,442 - INFO - Training epoch completed: 151.5s | Training Loss:0.5949 | Training Accuracy=0.6624
2025-07-21 06:38:32,444 - DEBUG - Starting model validation epoch with 22 batches...
2025-07-21 06:39:24,372 - INFO - Validation epoch completed: 51.9s | Loss: 0.7084 | F1: 0.5359 | Acc: 0.5597
2025-07-21 06:39:24,372 - DEBUG - Precision=0.4566 | Recall=0.6486 | Specificity=0.5023 | ROC-AUC=0.6219
2025-07-21 06:39:24,372 - INFO - Epoch 3/5 completed in 203.5s | Val F1: 0.5359
2025-07-21 06:39:24,374 - DEBUG - **New best model saved with F1-score: 0.5359.**
2025-07-21 06:39:24,374 - DEBUG - Epoch progress: 4/5
2025-07-21 06:39:24,376 - DEBUG - Starting model training epoch with 90 batches...
2025-07-21 06:41:55,350 - INFO - Training epoch completed: 151.0s | Training Loss:0.5825 | Training Accuracy=0.6812
2025-07-21 06:41:55,351 - DEBUG - Starting model validation epoch with 22 batches...
2025-07-21 06:42:47,139 - INFO - Validation epoch completed: 51.8s | Loss: 0.6854 | F1: 0.5176 | Acc: 0.5710
2025-07-21 06:42:47,139 - DEBUG - Precision=0.4629 | Recall=0.5870 | Specificity=0.5607 | ROC-AUC=0.6283
2025-07-21 06:42:47,139 - INFO - Epoch 4/5 completed in 202.8s | Val F1: 0.5176
2025-07-21 06:42:47,139 - DEBUG - Epoch progress: 5/5
2025-07-21 06:42:47,142 - DEBUG - Starting model training epoch with 90 batches...
2025-07-21 06:45:18,308 - INFO - Training epoch completed: 151.2s | Training Loss:0.5716 | Training Accuracy=0.6823
2025-07-21 06:45:18,309 - DEBUG - Starting model validation epoch with 22 batches...
2025-07-21 06:46:10,391 - INFO - Validation epoch completed: 52.1s | Loss: 0.6909 | F1: 0.5511 | Acc: 0.5881
2025-07-21 06:46:10,391 - DEBUG - Precision=0.4811 | Recall=0.6449 | Specificity=0.5514 | ROC-AUC=0.6327
2025-07-21 06:46:10,391 - INFO - Epoch 5/5 completed in 203.3s | Val F1: 0.5511
2025-07-21 06:46:10,393 - DEBUG - **New best model saved with F1-score: 0.5511.**
2025-07-21 06:46:10,394 - INFO - **Training completed. Total time: 16.9 minutes | Best F1-score 0.5511
2025-07-21 06:46:10,395 - INFO - Result | F1:0.5510835913312694 | Epoch:4
2025-07-21 06:46:10,395 - INFO - Config 42/54 | LR:0.0001 | Optimizer:adamw | Depth:last_2_layers
2025-07-21 06:46:10,395 - DEBUG - Preparing inception_v3 with 2 classes and last_2_layers depth.
2025-07-21 06:46:10,648 - DEBUG - Inception_V3 model loaded with ImageNet weights
2025-07-21 06:46:10,650 - DEBUG - All parameters frozen...
2025-07-21 06:46:10,650 - DEBUG - Classifier replaced from 2048 to 2 features.
2025-07-21 06:46:10,650 - DEBUG - Classifier layer unfrozen...
2025-07-21 06:46:10,651 - DEBUG - Inception_V3 mixed_7b and mixed_7c unfrozen for training...
2025-07-21 06:46:10,651 - DEBUG - Model inception_v3 prepared for training...
2025-07-21 06:46:10,652 - DEBUG - **Initialising training for inception_v3 with LR=0.0001, optimizer=adamw, depth=last_2_layers.
2025-07-21 06:46:10,697 - DEBUG - Optimizer adamw initialised with 0.0001 learning rate.
2025-07-21 06:46:10,697 - DEBUG - Learning rate scheduler and early stopping initialised.
2025-07-21 06:46:10,698 - DEBUG - Starting training inception_v3 on cuda for 5 epochs.
2025-07-21 06:46:10,698 - DEBUG - Epoch progress: 1/5
2025-07-21 06:46:10,699 - DEBUG - Starting model training epoch with 90 batches...
2025-07-21 06:48:41,238 - INFO - Training epoch completed: 150.5s | Training Loss:0.6446 | Training Accuracy=0.6041
2025-07-21 06:48:41,239 - DEBUG - Starting model validation epoch with 22 batches...
2025-07-21 06:49:33,124 - INFO - Validation epoch completed: 51.9s | Loss: 0.6506 | F1: 0.4686 | Acc: 0.5909
2025-07-21 06:49:33,124 - DEBUG - Precision=0.4774 | Recall=0.4601 | Specificity=0.6752 | ROC-AUC=0.6280
2025-07-21 06:49:33,124 - INFO - Epoch 1/5 completed in 202.4s | Val F1: 0.4686
2025-07-21 06:49:33,128 - DEBUG - **New best model saved with F1-score: 0.4686.**
2025-07-21 06:49:33,128 - DEBUG - Epoch progress: 2/5
2025-07-21 06:49:33,129 - DEBUG - Starting model training epoch with 90 batches...
2025-07-21 06:52:03,935 - INFO - Training epoch completed: 150.8s | Training Loss:0.5921 | Training Accuracy=0.6763
2025-07-21 06:52:03,936 - DEBUG - Starting model validation epoch with 22 batches...
2025-07-21 06:52:57,007 - INFO - Validation epoch completed: 53.1s | Loss: 0.7151 | F1: 0.5737 | Acc: 0.5355
2025-07-21 06:52:57,008 - DEBUG - Precision=0.4481 | Recall=0.7971 | Specificity=0.3668 | ROC-AUC=0.6356
2025-07-21 06:52:57,008 - INFO - Epoch 2/5 completed in 203.9s | Val F1: 0.5737
2025-07-21 06:52:57,011 - DEBUG - **New best model saved with F1-score: 0.5737.**
2025-07-21 06:52:57,011 - DEBUG - Epoch progress: 3/5
2025-07-21 06:52:57,012 - DEBUG - Starting model training epoch with 90 batches...
2025-07-21 06:55:28,422 - INFO - Training epoch completed: 151.4s | Training Loss:0.5712 | Training Accuracy=0.6858
2025-07-21 06:55:28,424 - DEBUG - Starting model validation epoch with 22 batches...
2025-07-21 06:56:20,413 - INFO - Validation epoch completed: 52.0s | Loss: 0.6863 | F1: 0.5110 | Acc: 0.5895
2025-07-21 06:56:20,413 - DEBUG - Precision=0.4794 | Recall=0.5471 | Specificity=0.6168 | ROC-AUC=0.6414
2025-07-21 06:56:20,413 - INFO - Epoch 3/5 completed in 203.4s | Val F1: 0.5110
2025-07-21 06:56:20,413 - DEBUG - Epoch progress: 4/5
2025-07-21 06:56:20,415 - DEBUG - Starting model training epoch with 90 batches...
2025-07-21 06:58:50,573 - INFO - Training epoch completed: 150.2s | Training Loss:0.5561 | Training Accuracy=0.7018
2025-07-21 06:58:50,575 - DEBUG - Starting model validation epoch with 22 batches...
2025-07-21 06:59:42,716 - INFO - Validation epoch completed: 52.1s | Loss: 0.7325 | F1: 0.6075 | Acc: 0.5980
2025-07-21 06:59:42,716 - DEBUG - Precision=0.4921 | Recall=0.7935 | Specificity=0.4720 | ROC-AUC=0.6638
2025-07-21 06:59:42,716 - INFO - Epoch 4/5 completed in 202.3s | Val F1: 0.6075
2025-07-21 06:59:42,719 - DEBUG - **New best model saved with F1-score: 0.6075.**
2025-07-21 06:59:42,719 - DEBUG - Epoch progress: 5/5
2025-07-21 06:59:42,721 - DEBUG - Starting model training epoch with 90 batches...
2025-07-21 07:02:14,189 - INFO - Training epoch completed: 151.5s | Training Loss:0.5552 | Training Accuracy=0.6976
2025-07-21 07:02:14,190 - DEBUG - Starting model validation epoch with 22 batches...
2025-07-21 07:03:06,152 - INFO - Validation epoch completed: 52.0s | Loss: 0.6539 | F1: 0.5243 | Acc: 0.6108
2025-07-21 07:03:06,152 - DEBUG - Precision=0.5033 | Recall=0.5471 | Specificity=0.6519 | ROC-AUC=0.6647
2025-07-21 07:03:06,152 - INFO - Epoch 5/5 completed in 203.4s | Val F1: 0.5243
2025-07-21 07:03:06,152 - INFO - **Training completed. Total time: 16.9 minutes | Best F1-score 0.5243
2025-07-21 07:03:06,154 - INFO - Result | F1:0.6074895977808599 | Epoch:3
2025-07-21 07:03:06,155 - INFO - New best for inception_v3: F1=0.6075
2025-07-21 07:03:06,155 - INFO - Config 43/54 | LR:0.0001 | Optimizer:sgd | Depth:classifier_only
2025-07-21 07:03:06,155 - DEBUG - Preparing inception_v3 with 2 classes and classifier_only depth.
2025-07-21 07:03:06,406 - DEBUG - Inception_V3 model loaded with ImageNet weights
2025-07-21 07:03:06,408 - DEBUG - All parameters frozen...
2025-07-21 07:03:06,408 - DEBUG - Classifier replaced from 2048 to 2 features.
2025-07-21 07:03:06,408 - DEBUG - Classifier layer unfrozen...
2025-07-21 07:03:06,408 - DEBUG - Model inception_v3 prepared for training...
2025-07-21 07:03:06,410 - DEBUG - **Initialising training for inception_v3 with LR=0.0001, optimizer=sgd, depth=classifier_only.
2025-07-21 07:03:06,439 - DEBUG - Optimizer sgd initialised with 0.0001 learning rate.
2025-07-21 07:03:06,440 - DEBUG - Learning rate scheduler and early stopping initialised.
2025-07-21 07:03:06,440 - DEBUG - Starting training inception_v3 on cuda for 5 epochs.
2025-07-21 07:03:06,440 - DEBUG - Epoch progress: 1/5
2025-07-21 07:03:06,441 - DEBUG - Starting model training epoch with 90 batches...
2025-07-21 07:05:37,465 - INFO - Training epoch completed: 151.0s | Training Loss:0.6910 | Training Accuracy=0.5611
2025-07-21 07:05:37,465 - DEBUG - Starting model validation epoch with 22 batches...
2025-07-21 07:06:29,348 - INFO - Validation epoch completed: 51.9s | Loss: 0.6705 | F1: 0.0280 | Acc: 0.6051
2025-07-21 07:06:29,349 - DEBUG - Precision=0.4000 | Recall=0.0145 | Specificity=0.9860 | ROC-AUC=0.5267
2025-07-21 07:06:29,349 - INFO - Epoch 1/5 completed in 202.9s | Val F1: 0.0280
2025-07-21 07:06:29,351 - DEBUG - **New best model saved with F1-score: 0.0280.**
2025-07-21 07:06:29,351 - DEBUG - Epoch progress: 2/5
2025-07-21 07:06:29,353 - DEBUG - Starting model training epoch with 90 batches...
2025-07-21 07:08:59,202 - INFO - Training epoch completed: 149.9s | Training Loss:0.6860 | Training Accuracy=0.5772
2025-07-21 07:08:59,204 - DEBUG - Starting model validation epoch with 22 batches...
2025-07-21 07:09:51,216 - INFO - Validation epoch completed: 52.0s | Loss: 0.6684 | F1: 0.0282 | Acc: 0.6080
2025-07-21 07:09:51,216 - DEBUG - Precision=0.5000 | Recall=0.0145 | Specificity=0.9907 | ROC-AUC=0.5396
2025-07-21 07:09:51,216 - INFO - Epoch 2/5 completed in 201.9s | Val F1: 0.0282
2025-07-21 07:09:51,218 - DEBUG - **New best model saved with F1-score: 0.0282.**
2025-07-21 07:09:51,218 - DEBUG - Epoch progress: 3/5
2025-07-21 07:09:51,220 - DEBUG - Starting model training epoch with 90 batches...
2025-07-21 07:12:22,899 - INFO - Training epoch completed: 151.7s | Training Loss:0.6857 | Training Accuracy=0.5705
2025-07-21 07:12:22,901 - DEBUG - Starting model validation epoch with 22 batches...
2025-07-21 07:13:14,704 - INFO - Validation epoch completed: 51.8s | Loss: 0.6656 | F1: 0.0142 | Acc: 0.6065
2025-07-21 07:13:14,704 - DEBUG - Precision=0.4000 | Recall=0.0072 | Specificity=0.9930 | ROC-AUC=0.5593
2025-07-21 07:13:14,704 - INFO - Epoch 3/5 completed in 203.5s | Val F1: 0.0142
2025-07-21 07:13:14,705 - DEBUG - Epoch progress: 4/5
2025-07-21 07:13:14,706 - DEBUG - Starting model training epoch with 90 batches...
2025-07-21 07:15:44,869 - INFO - Training epoch completed: 150.2s | Training Loss:0.6799 | Training Accuracy=0.5733
2025-07-21 07:15:44,871 - DEBUG - Starting model validation epoch with 22 batches...
2025-07-21 07:16:36,472 - INFO - Validation epoch completed: 51.6s | Loss: 0.6664 | F1: 0.0712 | Acc: 0.5923
2025-07-21 07:16:36,473 - DEBUG - Precision=0.3333 | Recall=0.0399 | Specificity=0.9486 | ROC-AUC=0.5608
2025-07-21 07:16:36,473 - INFO - Epoch 4/5 completed in 201.8s | Val F1: 0.0712
2025-07-21 07:16:36,476 - DEBUG - **New best model saved with F1-score: 0.0712.**
2025-07-21 07:16:36,476 - DEBUG - Epoch progress: 5/5
2025-07-21 07:16:36,477 - DEBUG - Starting model training epoch with 90 batches...
2025-07-21 07:19:05,527 - INFO - Training epoch completed: 149.1s | Training Loss:0.6641 | Training Accuracy=0.5985
2025-07-21 07:19:05,530 - DEBUG - Starting model validation epoch with 22 batches...
2025-07-21 07:19:57,264 - INFO - Validation epoch completed: 51.7s | Loss: 0.6648 | F1: 0.1019 | Acc: 0.5994
2025-07-21 07:19:57,264 - DEBUG - Precision=0.4211 | Recall=0.0580 | Specificity=0.9486 | ROC-AUC=0.5770
2025-07-21 07:19:57,265 - INFO - Epoch 5/5 completed in 200.8s | Val F1: 0.1019
2025-07-21 07:19:57,268 - DEBUG - **New best model saved with F1-score: 0.1019.**
2025-07-21 07:19:57,268 - INFO - **Training completed. Total time: 16.8 minutes | Best F1-score 0.1019
2025-07-21 07:19:57,268 - INFO - Result | F1:0.10191082802547771 | Epoch:4
2025-07-21 07:19:57,268 - INFO - Config 44/54 | LR:0.0001 | Optimizer:sgd | Depth:last_layer
2025-07-21 07:19:57,268 - DEBUG - Preparing inception_v3 with 2 classes and last_layer depth.
2025-07-21 07:19:57,563 - DEBUG - Inception_V3 model loaded with ImageNet weights
2025-07-21 07:19:57,565 - DEBUG - All parameters frozen...
2025-07-21 07:19:57,565 - DEBUG - Classifier replaced from 2048 to 2 features.
2025-07-21 07:19:57,565 - DEBUG - Classifier layer unfrozen...
2025-07-21 07:19:57,565 - DEBUG - Inception_V3 mixed_7c unfrozen for training...
2025-07-21 07:19:57,565 - DEBUG - Model inception_v3 prepared for training...
2025-07-21 07:19:57,566 - DEBUG - **Initialising training for inception_v3 with LR=0.0001, optimizer=sgd, depth=last_layer.
2025-07-21 07:19:57,607 - DEBUG - Optimizer sgd initialised with 0.0001 learning rate.
2025-07-21 07:19:57,608 - DEBUG - Learning rate scheduler and early stopping initialised.
2025-07-21 07:19:57,608 - DEBUG - Starting training inception_v3 on cuda for 5 epochs.
2025-07-21 07:19:57,608 - DEBUG - Epoch progress: 1/5
2025-07-21 07:19:57,609 - DEBUG - Starting model training epoch with 90 batches...
2025-07-21 07:22:34,137 - INFO - Training epoch completed: 156.5s | Training Loss:0.6896 | Training Accuracy=0.5569
2025-07-21 07:22:34,139 - DEBUG - Starting model validation epoch with 22 batches...
2025-07-21 07:23:30,037 - INFO - Validation epoch completed: 55.9s | Loss: 0.6784 | F1: 0.0833 | Acc: 0.5938
2025-07-21 07:23:30,037 - DEBUG - Precision=0.3611 | Recall=0.0471 | Specificity=0.9463 | ROC-AUC=0.4801
2025-07-21 07:23:30,037 - INFO - Epoch 1/5 completed in 212.4s | Val F1: 0.0833
2025-07-21 07:23:30,040 - DEBUG - **New best model saved with F1-score: 0.0833.**
2025-07-21 07:23:30,040 - DEBUG - Epoch progress: 2/5
2025-07-21 07:23:30,042 - DEBUG - Starting model training epoch with 90 batches...
2025-07-21 07:26:06,244 - INFO - Training epoch completed: 156.2s | Training Loss:0.6879 | Training Accuracy=0.5663
2025-07-21 07:26:06,246 - DEBUG - Starting model validation epoch with 22 batches...
2025-07-21 07:27:01,582 - INFO - Validation epoch completed: 55.3s | Loss: 0.6743 | F1: 0.1104 | Acc: 0.5881
2025-07-21 07:27:01,582 - DEBUG - Precision=0.3600 | Recall=0.0652 | Specificity=0.9252 | ROC-AUC=0.5155
2025-07-21 07:27:01,583 - INFO - Epoch 2/5 completed in 211.5s | Val F1: 0.1104
2025-07-21 07:27:01,585 - DEBUG - **New best model saved with F1-score: 0.1104.**
2025-07-21 07:27:01,585 - DEBUG - Epoch progress: 3/5
2025-07-21 07:27:01,587 - DEBUG - Starting model training epoch with 90 batches...
2025-07-21 07:29:34,363 - INFO - Training epoch completed: 152.8s | Training Loss:0.6799 | Training Accuracy=0.5873
2025-07-21 07:29:34,365 - DEBUG - Starting model validation epoch with 22 batches...
2025-07-21 07:30:26,657 - INFO - Validation epoch completed: 52.3s | Loss: 0.6702 | F1: 0.1254 | Acc: 0.6037
2025-07-21 07:30:26,657 - DEBUG - Precision=0.4651 | Recall=0.0725 | Specificity=0.9463 | ROC-AUC=0.5381
2025-07-21 07:30:26,658 - INFO - Epoch 3/5 completed in 205.1s | Val F1: 0.1254
2025-07-21 07:30:26,662 - DEBUG - **New best model saved with F1-score: 0.1254.**
2025-07-21 07:30:26,662 - DEBUG - Epoch progress: 4/5
2025-07-21 07:30:26,663 - DEBUG - Starting model training epoch with 90 batches...
2025-07-21 07:32:57,091 - INFO - Training epoch completed: 150.4s | Training Loss:0.6699 | Training Accuracy=0.5821
2025-07-21 07:32:57,093 - DEBUG - Starting model validation epoch with 22 batches...
2025-07-21 07:33:49,456 - INFO - Validation epoch completed: 52.4s | Loss: 0.6679 | F1: 0.1349 | Acc: 0.5810
2025-07-21 07:33:49,456 - DEBUG - Precision=0.3538 | Recall=0.0833 | Specificity=0.9019 | ROC-AUC=0.5525
2025-07-21 07:33:49,457 - INFO - Epoch 4/5 completed in 202.8s | Val F1: 0.1349
2025-07-21 07:33:49,459 - DEBUG - **New best model saved with F1-score: 0.1349.**
2025-07-21 07:33:49,459 - DEBUG - Epoch progress: 5/5
2025-07-21 07:33:49,461 - DEBUG - Starting model training epoch with 90 batches...
2025-07-21 07:36:20,299 - INFO - Training epoch completed: 150.8s | Training Loss:0.6702 | Training Accuracy=0.5943
2025-07-21 07:36:20,301 - DEBUG - Starting model validation epoch with 22 batches...
2025-07-21 07:37:14,014 - INFO - Validation epoch completed: 53.7s | Loss: 0.6638 | F1: 0.1329 | Acc: 0.5923
2025-07-21 07:37:14,014 - DEBUG - Precision=0.4000 | Recall=0.0797 | Specificity=0.9229 | ROC-AUC=0.5637
2025-07-21 07:37:14,015 - INFO - Epoch 5/5 completed in 204.6s | Val F1: 0.1329
2025-07-21 07:37:14,015 - INFO - **Training completed. Total time: 17.3 minutes | Best F1-score 0.1329
2025-07-21 07:37:14,016 - INFO - Result | F1:0.1348973607038123 | Epoch:3
2025-07-21 07:37:14,016 - INFO - Config 45/54 | LR:0.0001 | Optimizer:sgd | Depth:last_2_layers
2025-07-21 07:37:14,016 - DEBUG - Preparing inception_v3 with 2 classes and last_2_layers depth.
2025-07-21 07:37:14,293 - DEBUG - Inception_V3 model loaded with ImageNet weights
2025-07-21 07:37:14,294 - DEBUG - All parameters frozen...
2025-07-21 07:37:14,294 - DEBUG - Classifier replaced from 2048 to 2 features.
2025-07-21 07:37:14,294 - DEBUG - Classifier layer unfrozen...
2025-07-21 07:37:14,295 - DEBUG - Inception_V3 mixed_7b and mixed_7c unfrozen for training...
2025-07-21 07:37:14,295 - DEBUG - Model inception_v3 prepared for training...
2025-07-21 07:37:14,296 - DEBUG - **Initialising training for inception_v3 with LR=0.0001, optimizer=sgd, depth=last_2_layers.
2025-07-21 07:37:14,334 - DEBUG - Optimizer sgd initialised with 0.0001 learning rate.
2025-07-21 07:37:14,334 - DEBUG - Learning rate scheduler and early stopping initialised.
2025-07-21 07:37:14,334 - DEBUG - Starting training inception_v3 on cuda for 5 epochs.
2025-07-21 07:37:14,335 - DEBUG - Epoch progress: 1/5
2025-07-21 07:37:14,336 - DEBUG - Starting model training epoch with 90 batches...
2025-07-21 07:39:55,401 - INFO - Training epoch completed: 161.1s | Training Loss:0.6855 | Training Accuracy=0.5597
2025-07-21 07:39:55,403 - DEBUG - Starting model validation epoch with 22 batches...
2025-07-21 07:40:47,648 - INFO - Validation epoch completed: 52.2s | Loss: 0.6633 | F1: 0.2126 | Acc: 0.6108
2025-07-21 07:40:47,648 - DEBUG - Precision=0.5139 | Recall=0.1341 | Specificity=0.9182 | ROC-AUC=0.5736
2025-07-21 07:40:47,648 - INFO - Epoch 1/5 completed in 213.3s | Val F1: 0.2126
2025-07-21 07:40:47,650 - DEBUG - **New best model saved with F1-score: 0.2126.**
2025-07-21 07:40:47,651 - DEBUG - Epoch progress: 2/5
2025-07-21 07:40:47,652 - DEBUG - Starting model training epoch with 90 batches...
2025-07-21 07:43:19,093 - INFO - Training epoch completed: 151.4s | Training Loss:0.6694 | Training Accuracy=0.5981
2025-07-21 07:43:19,095 - DEBUG - Starting model validation epoch with 22 batches...
2025-07-21 07:44:11,239 - INFO - Validation epoch completed: 52.1s | Loss: 0.6607 | F1: 0.2735 | Acc: 0.6151
2025-07-21 07:44:11,239 - DEBUG - Precision=0.5258 | Recall=0.1848 | Specificity=0.8925 | ROC-AUC=0.5842
2025-07-21 07:44:11,239 - INFO - Epoch 2/5 completed in 203.6s | Val F1: 0.2735
2025-07-21 07:44:11,241 - DEBUG - **New best model saved with F1-score: 0.2735.**
2025-07-21 07:44:11,242 - DEBUG - Epoch progress: 3/5
2025-07-21 07:44:11,243 - DEBUG - Starting model training epoch with 90 batches...
2025-07-21 07:46:43,039 - INFO - Training epoch completed: 151.8s | Training Loss:0.6746 | Training Accuracy=0.5824
2025-07-21 07:46:43,040 - DEBUG - Starting model validation epoch with 22 batches...
2025-07-21 07:47:35,306 - INFO - Validation epoch completed: 52.3s | Loss: 0.6550 | F1: 0.1460 | Acc: 0.6179
2025-07-21 07:47:35,307 - DEBUG - Precision=0.5897 | Recall=0.0833 | Specificity=0.9626 | ROC-AUC=0.5890
2025-07-21 07:47:35,307 - INFO - Epoch 3/5 completed in 204.1s | Val F1: 0.1460
2025-07-21 07:47:35,307 - DEBUG - Epoch progress: 4/5
2025-07-21 07:47:35,309 - DEBUG - Starting model training epoch with 90 batches...
2025-07-21 07:50:08,762 - INFO - Training epoch completed: 153.5s | Training Loss:0.6624 | Training Accuracy=0.6002
2025-07-21 07:50:08,764 - DEBUG - Starting model validation epoch with 22 batches...
2025-07-21 07:51:00,941 - INFO - Validation epoch completed: 52.2s | Loss: 0.6565 | F1: 0.3148 | Acc: 0.5980
2025-07-21 07:51:00,942 - DEBUG - Precision=0.4745 | Recall=0.2355 | Specificity=0.8318 | ROC-AUC=0.5960
2025-07-21 07:51:00,942 - INFO - Epoch 4/5 completed in 205.6s | Val F1: 0.3148
2025-07-21 07:51:00,945 - DEBUG - **New best model saved with F1-score: 0.3148.**
2025-07-21 07:51:00,945 - DEBUG - Epoch progress: 5/5
2025-07-21 07:51:00,946 - DEBUG - Starting model training epoch with 90 batches...
2025-07-21 07:53:32,102 - INFO - Training epoch completed: 151.2s | Training Loss:0.6596 | Training Accuracy=0.5978
2025-07-21 07:53:32,103 - DEBUG - Starting model validation epoch with 22 batches...
2025-07-21 07:54:23,947 - INFO - Validation epoch completed: 51.8s | Loss: 0.6523 | F1: 0.3023 | Acc: 0.6065
2025-07-21 07:54:23,947 - DEBUG - Precision=0.4959 | Recall=0.2174 | Specificity=0.8575 | ROC-AUC=0.6015
2025-07-21 07:54:23,947 - INFO - Epoch 5/5 completed in 203.0s | Val F1: 0.3023
2025-07-21 07:54:23,947 - INFO - **Training completed. Total time: 17.2 minutes | Best F1-score 0.3023
2025-07-21 07:54:23,948 - INFO - Result | F1:0.31476997578692495 | Epoch:3
2025-07-21 07:54:23,948 - INFO - Config 46/54 | LR:0.001 | Optimizer:adam | Depth:classifier_only
2025-07-21 07:54:23,949 - DEBUG - Preparing inception_v3 with 2 classes and classifier_only depth.
2025-07-21 07:54:24,357 - DEBUG - Inception_V3 model loaded with ImageNet weights
2025-07-21 07:54:24,359 - DEBUG - All parameters frozen...
2025-07-21 07:54:24,359 - DEBUG - Classifier replaced from 2048 to 2 features.
2025-07-21 07:54:24,359 - DEBUG - Classifier layer unfrozen...
2025-07-21 07:54:24,360 - DEBUG - Model inception_v3 prepared for training...
2025-07-21 07:54:24,360 - DEBUG - **Initialising training for inception_v3 with LR=0.001, optimizer=adam, depth=classifier_only.
2025-07-21 07:54:24,399 - DEBUG - Optimizer adam initialised with 0.001 learning rate.
2025-07-21 07:54:24,400 - DEBUG - Learning rate scheduler and early stopping initialised.
2025-07-21 07:54:24,400 - DEBUG - Starting training inception_v3 on cuda for 5 epochs.
2025-07-21 07:54:24,400 - DEBUG - Epoch progress: 1/5
2025-07-21 07:54:24,401 - DEBUG - Starting model training epoch with 90 batches...
2025-07-21 07:56:55,862 - INFO - Training epoch completed: 151.5s | Training Loss:0.6989 | Training Accuracy=0.5698
2025-07-21 07:56:55,864 - DEBUG - Starting model validation epoch with 22 batches...
2025-07-21 07:57:46,443 - INFO - Validation epoch completed: 50.6s | Loss: 0.6595 | F1: 0.0346 | Acc: 0.6037
2025-07-21 07:57:46,443 - DEBUG - Precision=0.3846 | Recall=0.0181 | Specificity=0.9813 | ROC-AUC=0.6154
2025-07-21 07:57:46,443 - INFO - Epoch 1/5 completed in 202.0s | Val F1: 0.0346
2025-07-21 07:57:46,445 - DEBUG - **New best model saved with F1-score: 0.0346.**
2025-07-21 07:57:46,445 - DEBUG - Epoch progress: 2/5
2025-07-21 07:57:46,447 - DEBUG - Starting model training epoch with 90 batches...
2025-07-21 08:00:22,409 - INFO - Training epoch completed: 156.0s | Training Loss:0.6674 | Training Accuracy=0.5978
2025-07-21 08:00:22,410 - DEBUG - Starting model validation epoch with 22 batches...
2025-07-21 08:01:15,784 - INFO - Validation epoch completed: 53.4s | Loss: 0.6477 | F1: 0.3286 | Acc: 0.5938
2025-07-21 08:01:15,785 - DEBUG - Precision=0.4667 | Recall=0.2536 | Specificity=0.8131 | ROC-AUC=0.6162
2025-07-21 08:01:15,785 - INFO - Epoch 2/5 completed in 209.3s | Val F1: 0.3286
2025-07-21 08:01:15,787 - DEBUG - **New best model saved with F1-score: 0.3286.**
2025-07-21 08:01:15,788 - DEBUG - Epoch progress: 3/5
2025-07-21 08:01:15,789 - DEBUG - Starting model training epoch with 90 batches...
2025-07-21 08:03:48,541 - INFO - Training epoch completed: 152.8s | Training Loss:0.6583 | Training Accuracy=0.6177
2025-07-21 08:03:48,543 - DEBUG - Starting model validation epoch with 22 batches...
2025-07-21 08:04:40,990 - INFO - Validation epoch completed: 52.4s | Loss: 0.6618 | F1: 0.4752 | Acc: 0.5639
2025-07-21 08:04:40,990 - DEBUG - Precision=0.4498 | Recall=0.5036 | Specificity=0.6028 | ROC-AUC=0.6075
2025-07-21 08:04:40,990 - INFO - Epoch 3/5 completed in 205.2s | Val F1: 0.4752
2025-07-21 08:04:40,993 - DEBUG - **New best model saved with F1-score: 0.4752.**
2025-07-21 08:04:40,993 - DEBUG - Epoch progress: 4/5
2025-07-21 08:04:40,994 - DEBUG - Starting model training epoch with 90 batches...
2025-07-21 08:06:53,894 - INFO - Training epoch completed: 132.9s | Training Loss:0.6587 | Training Accuracy=0.6096
2025-07-21 08:06:53,895 - DEBUG - Starting model validation epoch with 22 batches...
2025-07-21 08:07:42,015 - INFO - Validation epoch completed: 48.1s | Loss: 0.6560 | F1: 0.3247 | Acc: 0.5923
2025-07-21 08:07:42,016 - DEBUG - Precision=0.4631 | Recall=0.2500 | Specificity=0.8131 | ROC-AUC=0.6018
2025-07-21 08:07:42,016 - INFO - Epoch 4/5 completed in 181.0s | Val F1: 0.3247
2025-07-21 08:07:42,016 - DEBUG - Epoch progress: 5/5
2025-07-21 08:07:42,017 - DEBUG - Starting model training epoch with 90 batches...
2025-07-21 08:09:59,031 - INFO - Training epoch completed: 137.0s | Training Loss:0.6672 | Training Accuracy=0.5999
2025-07-21 08:09:59,033 - DEBUG - Starting model validation epoch with 22 batches...
2025-07-21 08:10:47,349 - INFO - Validation epoch completed: 48.3s | Loss: 0.6579 | F1: 0.4119 | Acc: 0.5497
2025-07-21 08:10:47,349 - DEBUG - Precision=0.4221 | Recall=0.4022 | Specificity=0.6449 | ROC-AUC=0.6022
2025-07-21 08:10:47,349 - INFO - Epoch 5/5 completed in 185.3s | Val F1: 0.4119
2025-07-21 08:10:47,349 - INFO - **Training completed. Total time: 16.4 minutes | Best F1-score 0.4119
2025-07-21 08:10:47,350 - INFO - Result | F1:0.4752136752136752 | Epoch:2
2025-07-21 08:10:47,350 - INFO - Config 47/54 | LR:0.001 | Optimizer:adam | Depth:last_layer
2025-07-21 08:10:47,350 - DEBUG - Preparing inception_v3 with 2 classes and last_layer depth.
2025-07-21 08:10:47,585 - DEBUG - Inception_V3 model loaded with ImageNet weights
2025-07-21 08:10:47,587 - DEBUG - All parameters frozen...
2025-07-21 08:10:47,587 - DEBUG - Classifier replaced from 2048 to 2 features.
2025-07-21 08:10:47,588 - DEBUG - Classifier layer unfrozen...
2025-07-21 08:10:47,588 - DEBUG - Inception_V3 mixed_7c unfrozen for training...
2025-07-21 08:10:47,588 - DEBUG - Model inception_v3 prepared for training...
2025-07-21 08:10:47,590 - DEBUG - **Initialising training for inception_v3 with LR=0.001, optimizer=adam, depth=last_layer.
2025-07-21 08:10:47,634 - DEBUG - Optimizer adam initialised with 0.001 learning rate.
2025-07-21 08:10:47,634 - DEBUG - Learning rate scheduler and early stopping initialised.
2025-07-21 08:10:47,634 - DEBUG - Starting training inception_v3 on cuda for 5 epochs.
2025-07-21 08:10:47,634 - DEBUG - Epoch progress: 1/5
2025-07-21 08:10:47,635 - DEBUG - Starting model training epoch with 90 batches...
2025-07-21 08:13:03,747 - INFO - Training epoch completed: 136.1s | Training Loss:0.6564 | Training Accuracy=0.6215
2025-07-21 08:13:03,749 - DEBUG - Starting model validation epoch with 22 batches...
2025-07-21 08:13:52,705 - INFO - Validation epoch completed: 49.0s | Loss: 0.6945 | F1: 0.5550 | Acc: 0.5923
2025-07-21 08:13:52,705 - DEBUG - Precision=0.4851 | Recall=0.6486 | Specificity=0.5561 | ROC-AUC=0.6357
2025-07-21 08:13:52,706 - INFO - Epoch 1/5 completed in 185.1s | Val F1: 0.5550
2025-07-21 08:13:52,708 - DEBUG - **New best model saved with F1-score: 0.5550.**
2025-07-21 08:13:52,708 - DEBUG - Epoch progress: 2/5
2025-07-21 08:13:52,709 - DEBUG - Starting model training epoch with 90 batches...
2025-07-21 08:16:07,886 - INFO - Training epoch completed: 135.2s | Training Loss:0.6089 | Training Accuracy=0.6459
2025-07-21 08:16:07,888 - DEBUG - Starting model validation epoch with 22 batches...
2025-07-21 08:16:56,745 - INFO - Validation epoch completed: 48.9s | Loss: 0.6654 | F1: 0.5086 | Acc: 0.5938
2025-07-21 08:16:56,745 - DEBUG - Precision=0.4837 | Recall=0.5362 | Specificity=0.6308 | ROC-AUC=0.6225
2025-07-21 08:16:56,745 - INFO - Epoch 2/5 completed in 184.0s | Val F1: 0.5086
2025-07-21 08:16:56,745 - DEBUG - Epoch progress: 3/5
2025-07-21 08:16:56,746 - DEBUG - Starting model training epoch with 90 batches...
2025-07-21 08:19:58,454 - INFO - Training epoch completed: 181.7s | Training Loss:0.5944 | Training Accuracy=0.6543
2025-07-21 08:19:58,457 - DEBUG - Starting model validation epoch with 22 batches...
2025-07-21 08:21:04,815 - INFO - Validation epoch completed: 66.3s | Loss: 0.8038 | F1: 0.5961 | Acc: 0.5611
2025-07-21 08:21:04,815 - DEBUG - Precision=0.4663 | Recall=0.8261 | Specificity=0.3902 | ROC-AUC=0.6477
2025-07-21 08:21:04,815 - INFO - Epoch 3/5 completed in 248.1s | Val F1: 0.5961
2025-07-21 08:21:04,821 - DEBUG - **New best model saved with F1-score: 0.5961.**
2025-07-21 08:21:04,821 - DEBUG - Epoch progress: 4/5
2025-07-21 08:21:04,821 - DEBUG - Starting model training epoch with 90 batches...
2025-07-21 08:23:28,274 - INFO - Training epoch completed: 143.5s | Training Loss:0.5810 | Training Accuracy=0.6851
2025-07-21 08:23:28,276 - DEBUG - Starting model validation epoch with 22 batches...
2025-07-21 08:24:19,389 - INFO - Validation epoch completed: 51.1s | Loss: 0.6544 | F1: 0.5331 | Acc: 0.5994
2025-07-21 08:24:19,389 - DEBUG - Precision=0.4909 | Recall=0.5833 | Specificity=0.6098 | ROC-AUC=0.6533
2025-07-21 08:24:19,389 - INFO - Epoch 4/5 completed in 194.6s | Val F1: 0.5331
2025-07-21 08:24:19,389 - DEBUG - Epoch progress: 5/5
2025-07-21 08:24:19,390 - DEBUG - Starting model training epoch with 90 batches...
2025-07-21 08:26:50,047 - INFO - Training epoch completed: 150.7s | Training Loss:0.5595 | Training Accuracy=0.6966
2025-07-21 08:26:50,049 - DEBUG - Starting model validation epoch with 22 batches...
2025-07-21 08:27:43,280 - INFO - Validation epoch completed: 53.2s | Loss: 0.8274 | F1: 0.5922 | Acc: 0.5540
2025-07-21 08:27:43,280 - DEBUG - Precision=0.4615 | Recall=0.8261 | Specificity=0.3785 | ROC-AUC=0.6516
2025-07-21 08:27:43,281 - INFO - Epoch 5/5 completed in 203.9s | Val F1: 0.5922
2025-07-21 08:27:43,281 - INFO - **Training completed. Total time: 16.9 minutes | Best F1-score 0.5922
2025-07-21 08:27:43,282 - INFO - Result | F1:0.596078431372549 | Epoch:2
2025-07-21 08:27:43,282 - INFO - Config 48/54 | LR:0.001 | Optimizer:adam | Depth:last_2_layers
2025-07-21 08:27:43,282 - DEBUG - Preparing inception_v3 with 2 classes and last_2_layers depth.
2025-07-21 08:27:43,558 - DEBUG - Inception_V3 model loaded with ImageNet weights
2025-07-21 08:27:43,560 - DEBUG - All parameters frozen...
2025-07-21 08:27:43,560 - DEBUG - Classifier replaced from 2048 to 2 features.
2025-07-21 08:27:43,560 - DEBUG - Classifier layer unfrozen...
2025-07-21 08:27:43,560 - DEBUG - Inception_V3 mixed_7b and mixed_7c unfrozen for training...
2025-07-21 08:27:43,560 - DEBUG - Model inception_v3 prepared for training...
2025-07-21 08:27:43,561 - DEBUG - **Initialising training for inception_v3 with LR=0.001, optimizer=adam, depth=last_2_layers.
2025-07-21 08:27:43,596 - DEBUG - Optimizer adam initialised with 0.001 learning rate.
2025-07-21 08:27:43,597 - DEBUG - Learning rate scheduler and early stopping initialised.
2025-07-21 08:27:43,597 - DEBUG - Starting training inception_v3 on cuda for 5 epochs.
2025-07-21 08:27:43,597 - DEBUG - Epoch progress: 1/5
2025-07-21 08:27:43,598 - DEBUG - Starting model training epoch with 90 batches...
2025-07-21 08:30:14,335 - INFO - Training epoch completed: 150.7s | Training Loss:0.6322 | Training Accuracy=0.6379
2025-07-21 08:30:14,337 - DEBUG - Starting model validation epoch with 22 batches...
2025-07-21 08:31:05,655 - INFO - Validation epoch completed: 51.3s | Loss: 0.6582 | F1: 0.4526 | Acc: 0.5980
2025-07-21 08:31:05,655 - DEBUG - Precision=0.4855 | Recall=0.4239 | Specificity=0.7103 | ROC-AUC=0.6323
2025-07-21 08:31:05,655 - INFO - Epoch 1/5 completed in 202.1s | Val F1: 0.4526
2025-07-21 08:31:05,657 - DEBUG - **New best model saved with F1-score: 0.4526.**
2025-07-21 08:31:05,657 - DEBUG - Epoch progress: 2/5
2025-07-21 08:31:05,659 - DEBUG - Starting model training epoch with 90 batches...
2025-07-21 08:33:35,088 - INFO - Training epoch completed: 149.4s | Training Loss:0.5959 | Training Accuracy=0.6603
2025-07-21 08:33:35,090 - DEBUG - Starting model validation epoch with 22 batches...
2025-07-21 08:34:27,592 - INFO - Validation epoch completed: 52.5s | Loss: 0.6683 | F1: 0.5865 | Acc: 0.5653
2025-07-21 08:34:27,592 - DEBUG - Precision=0.4677 | Recall=0.7862 | Specificity=0.4229 | ROC-AUC=0.6595
2025-07-21 08:34:27,592 - INFO - Epoch 2/5 completed in 201.9s | Val F1: 0.5865
2025-07-21 08:34:27,595 - DEBUG - **New best model saved with F1-score: 0.5865.**
2025-07-21 08:34:27,595 - DEBUG - Epoch progress: 3/5
2025-07-21 08:34:27,596 - DEBUG - Starting model training epoch with 90 batches...
2025-07-21 08:36:59,609 - INFO - Training epoch completed: 152.0s | Training Loss:0.5805 | Training Accuracy=0.6711
2025-07-21 08:36:59,611 - DEBUG - Starting model validation epoch with 22 batches...
2025-07-21 08:37:52,476 - INFO - Validation epoch completed: 52.9s | Loss: 0.6465 | F1: 0.5719 | Acc: 0.6151
2025-07-21 08:37:52,476 - DEBUG - Precision=0.5070 | Recall=0.6558 | Specificity=0.5888 | ROC-AUC=0.6746
2025-07-21 08:37:52,476 - INFO - Epoch 3/5 completed in 204.9s | Val F1: 0.5719
2025-07-21 08:37:52,476 - DEBUG - Epoch progress: 4/5
2025-07-21 08:37:52,478 - DEBUG - Starting model training epoch with 90 batches...
2025-07-21 08:40:15,076 - INFO - Training epoch completed: 142.6s | Training Loss:0.5569 | Training Accuracy=0.6969
2025-07-21 08:40:15,078 - DEBUG - Starting model validation epoch with 22 batches...
2025-07-21 08:41:06,599 - INFO - Validation epoch completed: 51.5s | Loss: 0.6631 | F1: 0.4888 | Acc: 0.6108
2025-07-21 08:41:06,599 - DEBUG - Precision=0.5038 | Recall=0.4746 | Specificity=0.6986 | ROC-AUC=0.6686
2025-07-21 08:41:06,599 - INFO - Epoch 4/5 completed in 194.1s | Val F1: 0.4888
2025-07-21 08:41:06,600 - DEBUG - Epoch progress: 5/5
2025-07-21 08:41:06,601 - DEBUG - Starting model training epoch with 90 batches...
2025-07-21 08:43:15,690 - INFO - Training epoch completed: 129.1s | Training Loss:0.5531 | Training Accuracy=0.7088
2025-07-21 08:43:15,691 - DEBUG - Starting model validation epoch with 22 batches...
2025-07-21 08:44:02,503 - INFO - Validation epoch completed: 46.8s | Loss: 0.6432 | F1: 0.4932 | Acc: 0.6321
2025-07-21 08:44:02,503 - DEBUG - Precision=0.5362 | Recall=0.4565 | Specificity=0.7453 | ROC-AUC=0.6746
2025-07-21 08:44:02,504 - INFO - Epoch 5/5 completed in 175.9s | Val F1: 0.4932
2025-07-21 08:44:02,504 - INFO - **Training completed. Total time: 16.3 minutes | Best F1-score 0.4932
2025-07-21 08:44:02,505 - INFO - Result | F1:0.5864864864864865 | Epoch:1
2025-07-21 08:44:02,505 - INFO - Config 49/54 | LR:0.001 | Optimizer:adamw | Depth:classifier_only
2025-07-21 08:44:02,505 - DEBUG - Preparing inception_v3 with 2 classes and classifier_only depth.
2025-07-21 08:44:02,733 - DEBUG - Inception_V3 model loaded with ImageNet weights
2025-07-21 08:44:02,734 - DEBUG - All parameters frozen...
2025-07-21 08:44:02,734 - DEBUG - Classifier replaced from 2048 to 2 features.
2025-07-21 08:44:02,734 - DEBUG - Classifier layer unfrozen...
2025-07-21 08:44:02,734 - DEBUG - Model inception_v3 prepared for training...
2025-07-21 08:44:02,737 - DEBUG - **Initialising training for inception_v3 with LR=0.001, optimizer=adamw, depth=classifier_only.
2025-07-21 08:44:02,764 - DEBUG - Optimizer adamw initialised with 0.001 learning rate.
2025-07-21 08:44:02,765 - DEBUG - Learning rate scheduler and early stopping initialised.
2025-07-21 08:44:02,765 - DEBUG - Starting training inception_v3 on cuda for 5 epochs.
2025-07-21 08:44:02,765 - DEBUG - Epoch progress: 1/5
2025-07-21 08:44:02,766 - DEBUG - Starting model training epoch with 90 batches...
2025-07-21 08:47:11,775 - INFO - Training epoch completed: 189.0s | Training Loss:0.6906 | Training Accuracy=0.5719
2025-07-21 08:47:11,776 - DEBUG - Starting model validation epoch with 22 batches...
2025-07-21 08:48:15,786 - INFO - Validation epoch completed: 64.0s | Loss: 0.6482 | F1: 0.0808 | Acc: 0.6122
2025-07-21 08:48:15,786 - DEBUG - Precision=0.5714 | Recall=0.0435 | Specificity=0.9790 | ROC-AUC=0.6293
2025-07-21 08:48:15,786 - INFO - Epoch 1/5 completed in 253.0s | Val F1: 0.0808
2025-07-21 08:48:15,789 - DEBUG - **New best model saved with F1-score: 0.0808.**
2025-07-21 08:48:15,789 - DEBUG - Epoch progress: 2/5
2025-07-21 08:48:15,790 - DEBUG - Starting model training epoch with 90 batches...
2025-07-21 08:51:29,121 - INFO - Training epoch completed: 193.3s | Training Loss:0.6813 | Training Accuracy=0.5848
2025-07-21 08:51:29,124 - DEBUG - Starting model validation epoch with 22 batches...
2025-07-21 08:52:32,919 - INFO - Validation epoch completed: 63.8s | Loss: 0.6450 | F1: 0.3386 | Acc: 0.5838
2025-07-21 08:52:32,919 - DEBUG - Precision=0.4491 | Recall=0.2717 | Specificity=0.7850 | ROC-AUC=0.6189
2025-07-21 08:52:32,919 - INFO - Epoch 2/5 completed in 257.1s | Val F1: 0.3386
2025-07-21 08:52:32,922 - DEBUG - **New best model saved with F1-score: 0.3386.**
2025-07-21 08:52:32,923 - DEBUG - Epoch progress: 3/5
2025-07-21 08:52:32,924 - DEBUG - Starting model training epoch with 90 batches...
2025-07-21 08:55:46,679 - INFO - Training epoch completed: 193.8s | Training Loss:0.6561 | Training Accuracy=0.6215
2025-07-21 08:55:46,681 - DEBUG - Starting model validation epoch with 22 batches...
2025-07-21 08:56:51,059 - INFO - Validation epoch completed: 64.4s | Loss: 0.7769 | F1: 0.5945 | Acc: 0.5156
2025-07-21 08:56:51,059 - DEBUG - Precision=0.4425 | Recall=0.9058 | Specificity=0.2640 | ROC-AUC=0.6164
2025-07-21 08:56:51,059 - INFO - Epoch 3/5 completed in 258.1s | Val F1: 0.5945
2025-07-21 08:56:51,062 - DEBUG - **New best model saved with F1-score: 0.5945.**
2025-07-21 08:56:51,063 - DEBUG - Epoch progress: 4/5
2025-07-21 08:56:51,064 - DEBUG - Starting model training epoch with 90 batches...
2025-07-21 09:00:02,909 - INFO - Training epoch completed: 191.8s | Training Loss:0.6552 | Training Accuracy=0.6257
2025-07-21 09:00:02,911 - DEBUG - Starting model validation epoch with 22 batches...
2025-07-21 09:01:06,204 - INFO - Validation epoch completed: 63.3s | Loss: 0.6541 | F1: 0.4305 | Acc: 0.5753
2025-07-21 09:01:06,205 - DEBUG - Precision=0.4538 | Recall=0.4094 | Specificity=0.6822 | ROC-AUC=0.6177
2025-07-21 09:01:06,205 - INFO - Epoch 4/5 completed in 255.1s | Val F1: 0.4305
2025-07-21 09:01:06,205 - DEBUG - Epoch progress: 5/5
2025-07-21 09:01:06,206 - DEBUG - Starting model training epoch with 90 batches...
2025-07-21 09:04:20,262 - INFO - Training epoch completed: 194.1s | Training Loss:0.6491 | Training Accuracy=0.6159
2025-07-21 09:04:20,264 - DEBUG - Starting model validation epoch with 22 batches...
2025-07-21 09:05:26,453 - INFO - Validation epoch completed: 66.2s | Loss: 0.6790 | F1: 0.5427 | Acc: 0.5739
2025-07-21 09:05:26,453 - DEBUG - Precision=0.4684 | Recall=0.6449 | Specificity=0.5280 | ROC-AUC=0.6151
2025-07-21 09:05:26,453 - INFO - Epoch 5/5 completed in 260.2s | Val F1: 0.5427
2025-07-21 09:05:26,453 - INFO - **Training completed. Total time: 21.4 minutes | Best F1-score 0.5427
2025-07-21 09:05:26,455 - INFO - Result | F1:0.5945303210463734 | Epoch:2
2025-07-21 09:05:26,455 - INFO - Config 50/54 | LR:0.001 | Optimizer:adamw | Depth:last_layer
2025-07-21 09:05:26,455 - DEBUG - Preparing inception_v3 with 2 classes and last_layer depth.
2025-07-21 09:05:26,811 - DEBUG - Inception_V3 model loaded with ImageNet weights
2025-07-21 09:05:26,813 - DEBUG - All parameters frozen...
2025-07-21 09:05:26,814 - DEBUG - Classifier replaced from 2048 to 2 features.
2025-07-21 09:05:26,814 - DEBUG - Classifier layer unfrozen...
2025-07-21 09:05:26,814 - DEBUG - Inception_V3 mixed_7c unfrozen for training...
2025-07-21 09:05:26,814 - DEBUG - Model inception_v3 prepared for training...
2025-07-21 09:05:26,815 - DEBUG - **Initialising training for inception_v3 with LR=0.001, optimizer=adamw, depth=last_layer.
2025-07-21 09:05:26,862 - DEBUG - Optimizer adamw initialised with 0.001 learning rate.
2025-07-21 09:05:26,862 - DEBUG - Learning rate scheduler and early stopping initialised.
2025-07-21 09:05:26,862 - DEBUG - Starting training inception_v3 on cuda for 5 epochs.
2025-07-21 09:05:26,862 - DEBUG - Epoch progress: 1/5
2025-07-21 09:05:26,863 - DEBUG - Starting model training epoch with 90 batches...
2025-07-21 09:08:41,158 - INFO - Training epoch completed: 194.3s | Training Loss:0.6533 | Training Accuracy=0.6212
2025-07-21 09:08:41,159 - DEBUG - Starting model validation epoch with 22 batches...
2025-07-21 09:09:44,792 - INFO - Validation epoch completed: 63.6s | Loss: 0.8270 | F1: 0.5647 | Acc: 0.5270
2025-07-21 09:09:44,793 - DEBUG - Precision=0.4417 | Recall=0.7826 | Specificity=0.3621 | ROC-AUC=0.5949
2025-07-21 09:09:44,793 - INFO - Epoch 1/5 completed in 257.9s | Val F1: 0.5647
2025-07-21 09:09:44,796 - DEBUG - **New best model saved with F1-score: 0.5647.**
2025-07-21 09:09:44,797 - DEBUG - Epoch progress: 2/5
2025-07-21 09:09:44,798 - DEBUG - Starting model training epoch with 90 batches...
2025-07-21 09:12:14,956 - INFO - Training epoch completed: 150.2s | Training Loss:0.6163 | Training Accuracy=0.6494
2025-07-21 09:12:14,959 - DEBUG - Starting model validation epoch with 22 batches...
2025-07-21 09:13:06,678 - INFO - Validation epoch completed: 51.7s | Loss: 0.7050 | F1: 0.5627 | Acc: 0.5739
2025-07-21 09:13:06,678 - DEBUG - Precision=0.4707 | Recall=0.6993 | Specificity=0.4930 | ROC-AUC=0.6203
2025-07-21 09:13:06,678 - INFO - Epoch 2/5 completed in 201.9s | Val F1: 0.5627
2025-07-21 09:13:06,678 - DEBUG - Epoch progress: 3/5
2025-07-21 09:13:06,679 - DEBUG - Starting model training epoch with 90 batches...
2025-07-21 09:15:36,830 - INFO - Training epoch completed: 150.2s | Training Loss:0.5897 | Training Accuracy=0.6620
2025-07-21 09:15:36,831 - DEBUG - Starting model validation epoch with 22 batches...
2025-07-21 09:16:28,428 - INFO - Validation epoch completed: 51.6s | Loss: 0.7767 | F1: 0.5934 | Acc: 0.5483
2025-07-21 09:16:28,428 - DEBUG - Precision=0.4585 | Recall=0.8406 | Specificity=0.3598 | ROC-AUC=0.6257
2025-07-21 09:16:28,429 - INFO - Epoch 3/5 completed in 201.8s | Val F1: 0.5934
2025-07-21 09:16:28,432 - DEBUG - **New best model saved with F1-score: 0.5934.**
2025-07-21 09:16:28,432 - DEBUG - Epoch progress: 4/5
2025-07-21 09:16:28,433 - DEBUG - Starting model training epoch with 90 batches...
2025-07-21 09:18:59,512 - INFO - Training epoch completed: 151.1s | Training Loss:0.5694 | Training Accuracy=0.6767
2025-07-21 09:18:59,514 - DEBUG - Starting model validation epoch with 22 batches...
2025-07-21 09:19:51,126 - INFO - Validation epoch completed: 51.6s | Loss: 0.6867 | F1: 0.5452 | Acc: 0.5852
2025-07-21 09:19:51,126 - DEBUG - Precision=0.4781 | Recall=0.6341 | Specificity=0.5537 | ROC-AUC=0.6427
2025-07-21 09:19:51,126 - INFO - Epoch 4/5 completed in 202.7s | Val F1: 0.5452
2025-07-21 09:19:51,127 - DEBUG - Epoch progress: 5/5
2025-07-21 09:19:51,128 - DEBUG - Starting model training epoch with 90 batches...
2025-07-21 09:22:20,693 - INFO - Training epoch completed: 149.6s | Training Loss:0.5736 | Training Accuracy=0.6830
2025-07-21 09:22:20,695 - DEBUG - Starting model validation epoch with 22 batches...
2025-07-21 09:23:12,562 - INFO - Validation epoch completed: 51.9s | Loss: 0.7074 | F1: 0.5927 | Acc: 0.5881
2025-07-21 09:23:12,562 - DEBUG - Precision=0.4839 | Recall=0.7645 | Specificity=0.4743 | ROC-AUC=0.6586
2025-07-21 09:23:12,562 - INFO - Epoch 5/5 completed in 201.4s | Val F1: 0.5927
2025-07-21 09:23:12,562 - INFO - **Training completed. Total time: 17.8 minutes | Best F1-score 0.5927
2025-07-21 09:23:12,563 - INFO - Result | F1:0.5933503836317136 | Epoch:2
2025-07-21 09:23:12,563 - INFO - Config 51/54 | LR:0.001 | Optimizer:adamw | Depth:last_2_layers
2025-07-21 09:23:12,563 - DEBUG - Preparing inception_v3 with 2 classes and last_2_layers depth.
2025-07-21 09:23:12,817 - DEBUG - Inception_V3 model loaded with ImageNet weights
2025-07-21 09:23:12,819 - DEBUG - All parameters frozen...
2025-07-21 09:23:12,819 - DEBUG - Classifier replaced from 2048 to 2 features.
2025-07-21 09:23:12,819 - DEBUG - Classifier layer unfrozen...
2025-07-21 09:23:12,820 - DEBUG - Inception_V3 mixed_7b and mixed_7c unfrozen for training...
2025-07-21 09:23:12,820 - DEBUG - Model inception_v3 prepared for training...
2025-07-21 09:23:12,821 - DEBUG - **Initialising training for inception_v3 with LR=0.001, optimizer=adamw, depth=last_2_layers.
2025-07-21 09:23:12,867 - DEBUG - Optimizer adamw initialised with 0.001 learning rate.
2025-07-21 09:23:12,868 - DEBUG - Learning rate scheduler and early stopping initialised.
2025-07-21 09:23:12,868 - DEBUG - Starting training inception_v3 on cuda for 5 epochs.
2025-07-21 09:23:12,868 - DEBUG - Epoch progress: 1/5
2025-07-21 09:23:12,869 - DEBUG - Starting model training epoch with 90 batches...
2025-07-21 09:25:25,905 - INFO - Training epoch completed: 133.0s | Training Loss:0.6283 | Training Accuracy=0.6292
2025-07-21 09:25:25,906 - DEBUG - Starting model validation epoch with 22 batches...
2025-07-21 09:26:11,794 - INFO - Validation epoch completed: 45.9s | Loss: 0.6351 | F1: 0.3619 | Acc: 0.6094
2025-07-21 09:26:11,794 - DEBUG - Precision=0.5032 | Recall=0.2826 | Specificity=0.8201 | ROC-AUC=0.6515
2025-07-21 09:26:11,794 - INFO - Epoch 1/5 completed in 178.9s | Val F1: 0.3619
2025-07-21 09:26:11,797 - DEBUG - **New best model saved with F1-score: 0.3619.**
2025-07-21 09:26:11,797 - DEBUG - Epoch progress: 2/5
2025-07-21 09:26:11,798 - DEBUG - Starting model training epoch with 90 batches...
2025-07-21 09:28:26,745 - INFO - Training epoch completed: 134.9s | Training Loss:0.5877 | Training Accuracy=0.6756
2025-07-21 09:28:26,747 - DEBUG - Starting model validation epoch with 22 batches...
2025-07-21 09:29:18,908 - INFO - Validation epoch completed: 52.2s | Loss: 0.6533 | F1: 0.4588 | Acc: 0.6179
2025-07-21 09:29:18,908 - DEBUG - Precision=0.5158 | Recall=0.4130 | Specificity=0.7500 | ROC-AUC=0.6587
2025-07-21 09:29:18,908 - INFO - Epoch 2/5 completed in 187.1s | Val F1: 0.4588
2025-07-21 09:29:18,912 - DEBUG - **New best model saved with F1-score: 0.4588.**
2025-07-21 09:29:18,912 - DEBUG - Epoch progress: 3/5
2025-07-21 09:29:18,913 - DEBUG - Starting model training epoch with 90 batches...
2025-07-21 09:31:49,069 - INFO - Training epoch completed: 150.2s | Training Loss:0.5761 | Training Accuracy=0.6833
2025-07-21 09:31:49,071 - DEBUG - Starting model validation epoch with 22 batches...
2025-07-21 09:32:40,991 - INFO - Validation epoch completed: 51.9s | Loss: 0.7679 | F1: 0.6013 | Acc: 0.5668
2025-07-21 09:32:40,991 - DEBUG - Precision=0.4703 | Recall=0.8333 | Specificity=0.3949 | ROC-AUC=0.6431
2025-07-21 09:32:40,991 - INFO - Epoch 3/5 completed in 202.1s | Val F1: 0.6013
2025-07-21 09:32:40,994 - DEBUG - **New best model saved with F1-score: 0.6013.**
2025-07-21 09:32:40,994 - DEBUG - Epoch progress: 4/5
2025-07-21 09:32:40,995 - DEBUG - Starting model training epoch with 90 batches...
2025-07-21 09:35:11,199 - INFO - Training epoch completed: 150.2s | Training Loss:0.5681 | Training Accuracy=0.6812
2025-07-21 09:35:11,201 - DEBUG - Starting model validation epoch with 22 batches...
2025-07-21 09:36:03,387 - INFO - Validation epoch completed: 52.2s | Loss: 0.6714 | F1: 0.5742 | Acc: 0.6250
2025-07-21 09:36:03,387 - DEBUG - Precision=0.5174 | Recall=0.6449 | Specificity=0.6121 | ROC-AUC=0.6768
2025-07-21 09:36:03,387 - INFO - Epoch 4/5 completed in 202.4s | Val F1: 0.5742
2025-07-21 09:36:03,388 - DEBUG - Epoch progress: 5/5
2025-07-21 09:36:03,389 - DEBUG - Starting model training epoch with 90 batches...
2025-07-21 09:38:34,138 - INFO - Training epoch completed: 150.7s | Training Loss:0.5617 | Training Accuracy=0.6809
2025-07-21 09:38:34,140 - DEBUG - Starting model validation epoch with 22 batches...
2025-07-21 09:39:26,181 - INFO - Validation epoch completed: 52.0s | Loss: 0.6570 | F1: 0.5908 | Acc: 0.6222
2025-07-21 09:39:26,181 - DEBUG - Precision=0.5134 | Recall=0.6957 | Specificity=0.5748 | ROC-AUC=0.6757
2025-07-21 09:39:26,181 - INFO - Epoch 5/5 completed in 202.8s | Val F1: 0.5908
2025-07-21 09:39:26,182 - INFO - **Training completed. Total time: 16.2 minutes | Best F1-score 0.5908
2025-07-21 09:39:26,183 - INFO - Result | F1:0.6013071895424836 | Epoch:2
2025-07-21 09:39:26,183 - INFO - Config 52/54 | LR:0.001 | Optimizer:sgd | Depth:classifier_only
2025-07-21 09:39:26,183 - DEBUG - Preparing inception_v3 with 2 classes and classifier_only depth.
2025-07-21 09:39:26,483 - DEBUG - Inception_V3 model loaded with ImageNet weights
2025-07-21 09:39:26,485 - DEBUG - All parameters frozen...
2025-07-21 09:39:26,485 - DEBUG - Classifier replaced from 2048 to 2 features.
2025-07-21 09:39:26,485 - DEBUG - Classifier layer unfrozen...
2025-07-21 09:39:26,485 - DEBUG - Model inception_v3 prepared for training...
2025-07-21 09:39:26,488 - DEBUG - **Initialising training for inception_v3 with LR=0.001, optimizer=sgd, depth=classifier_only.
2025-07-21 09:39:26,526 - DEBUG - Optimizer sgd initialised with 0.001 learning rate.
2025-07-21 09:39:26,526 - DEBUG - Learning rate scheduler and early stopping initialised.
2025-07-21 09:39:26,526 - DEBUG - Starting training inception_v3 on cuda for 5 epochs.
2025-07-21 09:39:26,526 - DEBUG - Epoch progress: 1/5
2025-07-21 09:39:26,527 - DEBUG - Starting model training epoch with 90 batches...
2025-07-21 09:41:55,958 - INFO - Training epoch completed: 149.4s | Training Loss:0.6802 | Training Accuracy=0.5740
2025-07-21 09:41:55,960 - DEBUG - Starting model validation epoch with 22 batches...
2025-07-21 09:42:47,848 - INFO - Validation epoch completed: 51.9s | Loss: 0.6554 | F1: 0.1274 | Acc: 0.6108
2025-07-21 09:42:47,848 - DEBUG - Precision=0.5263 | Recall=0.0725 | Specificity=0.9579 | ROC-AUC=0.5966
2025-07-21 09:42:47,848 - INFO - Epoch 1/5 completed in 201.3s | Val F1: 0.1274
2025-07-21 09:42:47,850 - DEBUG - **New best model saved with F1-score: 0.1274.**
2025-07-21 09:42:47,850 - DEBUG - Epoch progress: 2/5
2025-07-21 09:42:47,851 - DEBUG - Starting model training epoch with 90 batches...
2025-07-21 09:45:18,681 - INFO - Training epoch completed: 150.8s | Training Loss:0.6587 | Training Accuracy=0.5992
2025-07-21 09:45:18,682 - DEBUG - Starting model validation epoch with 22 batches...
2025-07-21 09:46:05,739 - INFO - Validation epoch completed: 47.1s | Loss: 0.6580 | F1: 0.2586 | Acc: 0.6009
2025-07-21 09:46:05,739 - DEBUG - Precision=0.4757 | Recall=0.1775 | Specificity=0.8738 | ROC-AUC=0.5888
2025-07-21 09:46:05,739 - INFO - Epoch 2/5 completed in 197.9s | Val F1: 0.2586
2025-07-21 09:46:05,741 - DEBUG - **New best model saved with F1-score: 0.2586.**
2025-07-21 09:46:05,742 - DEBUG - Epoch progress: 3/5
2025-07-21 09:46:05,742 - DEBUG - Starting model training epoch with 90 batches...
2025-07-21 09:48:13,499 - INFO - Training epoch completed: 127.8s | Training Loss:0.6587 | Training Accuracy=0.6135
2025-07-21 09:48:13,501 - DEBUG - Starting model validation epoch with 22 batches...
2025-07-21 09:48:59,494 - INFO - Validation epoch completed: 46.0s | Loss: 0.6688 | F1: 0.4884 | Acc: 0.5625
2025-07-21 09:48:59,494 - DEBUG - Precision=0.4509 | Recall=0.5326 | Specificity=0.5818 | ROC-AUC=0.5963
2025-07-21 09:48:59,494 - INFO - Epoch 3/5 completed in 173.8s | Val F1: 0.4884
2025-07-21 09:48:59,496 - DEBUG - **New best model saved with F1-score: 0.4884.**
2025-07-21 09:48:59,497 - DEBUG - Epoch progress: 4/5
2025-07-21 09:48:59,497 - DEBUG - Starting model training epoch with 90 batches...
2025-07-21 09:51:23,702 - INFO - Training epoch completed: 144.2s | Training Loss:0.6502 | Training Accuracy=0.6041
2025-07-21 09:51:23,703 - DEBUG - Starting model validation epoch with 22 batches...
2025-07-21 09:52:16,258 - INFO - Validation epoch completed: 52.5s | Loss: 0.6529 | F1: 0.3511 | Acc: 0.5852
2025-07-21 09:52:16,258 - DEBUG - Precision=0.4540 | Recall=0.2862 | Specificity=0.7780 | ROC-AUC=0.6046
2025-07-21 09:52:16,259 - INFO - Epoch 4/5 completed in 196.8s | Val F1: 0.3511
2025-07-21 09:52:16,259 - DEBUG - Epoch progress: 5/5
2025-07-21 09:52:16,260 - DEBUG - Starting model training epoch with 90 batches...
2025-07-21 09:54:46,003 - INFO - Training epoch completed: 149.7s | Training Loss:0.6594 | Training Accuracy=0.6068
2025-07-21 09:54:46,004 - DEBUG - Starting model validation epoch with 22 batches...
2025-07-21 09:55:38,095 - INFO - Validation epoch completed: 52.1s | Loss: 0.6949 | F1: 0.5581 | Acc: 0.5568
2025-07-21 09:55:38,095 - DEBUG - Precision=0.4581 | Recall=0.7138 | Specificity=0.4556 | ROC-AUC=0.6047
2025-07-21 09:55:38,095 - INFO - Epoch 5/5 completed in 201.8s | Val F1: 0.5581
2025-07-21 09:55:38,097 - DEBUG - **New best model saved with F1-score: 0.5581.**
2025-07-21 09:55:38,097 - INFO - **Training completed. Total time: 16.2 minutes | Best F1-score 0.5581
2025-07-21 09:55:38,099 - INFO - Result | F1:0.5580736543909348 | Epoch:4
2025-07-21 09:55:38,099 - INFO - Config 53/54 | LR:0.001 | Optimizer:sgd | Depth:last_layer
2025-07-21 09:55:38,099 - DEBUG - Preparing inception_v3 with 2 classes and last_layer depth.
2025-07-21 09:55:38,352 - DEBUG - Inception_V3 model loaded with ImageNet weights
2025-07-21 09:55:38,353 - DEBUG - All parameters frozen...
2025-07-21 09:55:38,353 - DEBUG - Classifier replaced from 2048 to 2 features.
2025-07-21 09:55:38,353 - DEBUG - Classifier layer unfrozen...
2025-07-21 09:55:38,353 - DEBUG - Inception_V3 mixed_7c unfrozen for training...
2025-07-21 09:55:38,353 - DEBUG - Model inception_v3 prepared for training...
2025-07-21 09:55:38,355 - DEBUG - **Initialising training for inception_v3 with LR=0.001, optimizer=sgd, depth=last_layer.
2025-07-21 09:55:38,391 - DEBUG - Optimizer sgd initialised with 0.001 learning rate.
2025-07-21 09:55:38,391 - DEBUG - Learning rate scheduler and early stopping initialised.
2025-07-21 09:55:38,391 - DEBUG - Starting training inception_v3 on cuda for 5 epochs.
2025-07-21 09:55:38,391 - DEBUG - Epoch progress: 1/5
2025-07-21 09:55:38,392 - DEBUG - Starting model training epoch with 90 batches...
2025-07-21 09:58:08,959 - INFO - Training epoch completed: 150.6s | Training Loss:0.6725 | Training Accuracy=0.5887
2025-07-21 09:58:08,961 - DEBUG - Starting model validation epoch with 22 batches...
2025-07-21 09:59:00,327 - INFO - Validation epoch completed: 51.4s | Loss: 0.6546 | F1: 0.3037 | Acc: 0.5767
2025-07-21 09:59:00,327 - DEBUG - Precision=0.4276 | Recall=0.2355 | Specificity=0.7967 | ROC-AUC=0.5984
2025-07-21 09:59:00,328 - INFO - Epoch 1/5 completed in 201.9s | Val F1: 0.3037
2025-07-21 09:59:00,331 - DEBUG - **New best model saved with F1-score: 0.3037.**
2025-07-21 09:59:00,331 - DEBUG - Epoch progress: 2/5
2025-07-21 09:59:00,332 - DEBUG - Starting model training epoch with 90 batches...
2025-07-21 10:01:17,916 - INFO - Training epoch completed: 137.6s | Training Loss:0.6508 | Training Accuracy=0.6061
2025-07-21 10:01:17,917 - DEBUG - Starting model validation epoch with 22 batches...
2025-07-21 10:02:04,213 - INFO - Validation epoch completed: 46.3s | Loss: 0.6709 | F1: 0.5533 | Acc: 0.5895
2025-07-21 10:02:04,214 - DEBUG - Precision=0.4825 | Recall=0.6486 | Specificity=0.5514 | ROC-AUC=0.6091
2025-07-21 10:02:04,214 - INFO - Epoch 2/5 completed in 183.9s | Val F1: 0.5533
2025-07-21 10:02:04,216 - DEBUG - **New best model saved with F1-score: 0.5533.**
2025-07-21 10:02:04,216 - DEBUG - Epoch progress: 3/5
2025-07-21 10:02:04,217 - DEBUG - Starting model training epoch with 90 batches...
2025-07-21 10:04:13,978 - INFO - Training epoch completed: 129.8s | Training Loss:0.6393 | Training Accuracy=0.6114
2025-07-21 10:04:13,980 - DEBUG - Starting model validation epoch with 22 batches...
2025-07-21 10:05:06,139 - INFO - Validation epoch completed: 52.2s | Loss: 0.6575 | F1: 0.4325 | Acc: 0.5639
2025-07-21 10:05:06,140 - DEBUG - Precision=0.4415 | Recall=0.4239 | Specificity=0.6542 | ROC-AUC=0.6109
2025-07-21 10:05:06,140 - INFO - Epoch 3/5 completed in 181.9s | Val F1: 0.4325
2025-07-21 10:05:06,140 - DEBUG - Epoch progress: 4/5
2025-07-21 10:05:06,142 - DEBUG - Starting model training epoch with 90 batches...
2025-07-21 10:07:38,335 - INFO - Training epoch completed: 152.2s | Training Loss:0.6517 | Training Accuracy=0.6208
2025-07-21 10:07:38,336 - DEBUG - Starting model validation epoch with 22 batches...
2025-07-21 10:08:30,398 - INFO - Validation epoch completed: 52.1s | Loss: 0.6551 | F1: 0.3766 | Acc: 0.5767
2025-07-21 10:08:30,398 - DEBUG - Precision=0.4455 | Recall=0.3261 | Specificity=0.7383 | ROC-AUC=0.6140
2025-07-21 10:08:30,398 - INFO - Epoch 4/5 completed in 204.3s | Val F1: 0.3766
2025-07-21 10:08:30,398 - DEBUG - Epoch progress: 5/5
2025-07-21 10:08:30,399 - DEBUG - Starting model training epoch with 90 batches...
2025-07-21 10:11:00,271 - INFO - Training epoch completed: 149.9s | Training Loss:0.6197 | Training Accuracy=0.6390
2025-07-21 10:11:00,273 - DEBUG - Starting model validation epoch with 22 batches...
2025-07-21 10:11:52,345 - INFO - Validation epoch completed: 52.1s | Loss: 0.6972 | F1: 0.1451 | Acc: 0.6151
2025-07-21 10:11:52,345 - DEBUG - Precision=0.5610 | Recall=0.0833 | Specificity=0.9579 | ROC-AUC=0.6160
2025-07-21 10:11:52,346 - INFO - Epoch 5/5 completed in 201.9s | Val F1: 0.1451
2025-07-21 10:11:52,346 - INFO - **Training completed. Total time: 16.2 minutes | Best F1-score 0.1451
2025-07-21 10:11:52,347 - INFO - Result | F1:0.5533230293663061 | Epoch:1
2025-07-21 10:11:52,347 - INFO - Config 54/54 | LR:0.001 | Optimizer:sgd | Depth:last_2_layers
2025-07-21 10:11:52,347 - DEBUG - Preparing inception_v3 with 2 classes and last_2_layers depth.
2025-07-21 10:11:52,639 - DEBUG - Inception_V3 model loaded with ImageNet weights
2025-07-21 10:11:52,640 - DEBUG - All parameters frozen...
2025-07-21 10:11:52,640 - DEBUG - Classifier replaced from 2048 to 2 features.
2025-07-21 10:11:52,640 - DEBUG - Classifier layer unfrozen...
2025-07-21 10:11:52,640 - DEBUG - Inception_V3 mixed_7b and mixed_7c unfrozen for training...
2025-07-21 10:11:52,642 - DEBUG - Model inception_v3 prepared for training...
2025-07-21 10:11:52,643 - DEBUG - **Initialising training for inception_v3 with LR=0.001, optimizer=sgd, depth=last_2_layers.
2025-07-21 10:11:52,678 - DEBUG - Optimizer sgd initialised with 0.001 learning rate.
2025-07-21 10:11:52,678 - DEBUG - Learning rate scheduler and early stopping initialised.
2025-07-21 10:11:52,678 - DEBUG - Starting training inception_v3 on cuda for 5 epochs.
2025-07-21 10:11:52,678 - DEBUG - Epoch progress: 1/5
2025-07-21 10:11:52,680 - DEBUG - Starting model training epoch with 90 batches...
2025-07-21 10:14:06,489 - INFO - Training epoch completed: 133.8s | Training Loss:0.6747 | Training Accuracy=0.5908
2025-07-21 10:14:06,491 - DEBUG - Starting model validation epoch with 22 batches...
2025-07-21 10:14:52,795 - INFO - Validation epoch completed: 46.3s | Loss: 0.6564 | F1: 0.4440 | Acc: 0.5767
2025-07-21 10:14:52,795 - DEBUG - Precision=0.4577 | Recall=0.4312 | Specificity=0.6706 | ROC-AUC=0.6147
2025-07-21 10:14:52,795 - INFO - Epoch 1/5 completed in 180.1s | Val F1: 0.4440
2025-07-21 10:14:52,798 - DEBUG - **New best model saved with F1-score: 0.4440.**
2025-07-21 10:14:52,798 - DEBUG - Epoch progress: 2/5
2025-07-21 10:14:52,798 - DEBUG - Starting model training epoch with 90 batches...
2025-07-21 10:17:01,602 - INFO - Training epoch completed: 128.8s | Training Loss:0.6413 | Training Accuracy=0.6247
2025-07-21 10:17:01,603 - DEBUG - Starting model validation epoch with 22 batches...
2025-07-21 10:17:47,925 - INFO - Validation epoch completed: 46.3s | Loss: 0.6591 | F1: 0.4817 | Acc: 0.5568
2025-07-21 10:17:47,925 - DEBUG - Precision=0.4448 | Recall=0.5254 | Specificity=0.5771 | ROC-AUC=0.6166
2025-07-21 10:17:47,926 - INFO - Epoch 2/5 completed in 175.1s | Val F1: 0.4817
2025-07-21 10:17:47,928 - DEBUG - **New best model saved with F1-score: 0.4817.**
2025-07-21 10:17:47,928 - DEBUG - Epoch progress: 3/5
2025-07-21 10:17:47,929 - DEBUG - Starting model training epoch with 90 batches...
2025-07-21 10:20:05,883 - INFO - Training epoch completed: 138.0s | Training Loss:0.6326 | Training Accuracy=0.6222
2025-07-21 10:20:05,886 - DEBUG - Starting model validation epoch with 22 batches...
2025-07-21 10:20:58,120 - INFO - Validation epoch completed: 52.2s | Loss: 0.6657 | F1: 0.5118 | Acc: 0.5611
2025-07-21 10:20:58,120 - DEBUG - Precision=0.4538 | Recall=0.5870 | Specificity=0.5444 | ROC-AUC=0.6146
2025-07-21 10:20:58,120 - INFO - Epoch 3/5 completed in 190.2s | Val F1: 0.5118
2025-07-21 10:20:58,124 - DEBUG - **New best model saved with F1-score: 0.5118.**
2025-07-21 10:20:58,124 - DEBUG - Epoch progress: 4/5
2025-07-21 10:20:58,125 - DEBUG - Starting model training epoch with 90 batches...
2025-07-21 10:23:07,891 - INFO - Training epoch completed: 129.8s | Training Loss:0.6161 | Training Accuracy=0.6446
2025-07-21 10:23:07,893 - DEBUG - Starting model validation epoch with 22 batches...
2025-07-21 10:23:54,371 - INFO - Validation epoch completed: 46.5s | Loss: 0.6777 | F1: 0.5506 | Acc: 0.5710
2025-07-21 10:23:54,372 - DEBUG - Precision=0.4672 | Recall=0.6703 | Specificity=0.5070 | ROC-AUC=0.6194
2025-07-21 10:23:54,372 - INFO - Epoch 4/5 completed in 176.2s | Val F1: 0.5506
2025-07-21 10:23:54,373 - DEBUG - **New best model saved with F1-score: 0.5506.**
2025-07-21 10:23:54,375 - DEBUG - Epoch progress: 5/5
2025-07-21 10:23:54,376 - DEBUG - Starting model training epoch with 90 batches...
2025-07-21 10:26:10,081 - INFO - Training epoch completed: 135.7s | Training Loss:0.6099 | Training Accuracy=0.6432
2025-07-21 10:26:10,082 - DEBUG - Starting model validation epoch with 22 batches...
2025-07-21 10:27:02,082 - INFO - Validation epoch completed: 52.0s | Loss: 0.6979 | F1: 0.5819 | Acc: 0.5795
2025-07-21 10:27:02,082 - DEBUG - Precision=0.4769 | Recall=0.7464 | Specificity=0.4720 | ROC-AUC=0.6168
2025-07-21 10:27:02,083 - INFO - Epoch 5/5 completed in 187.7s | Val F1: 0.5819
2025-07-21 10:27:02,085 - DEBUG - **New best model saved with F1-score: 0.5819.**
2025-07-21 10:27:02,085 - INFO - **Training completed. Total time: 15.2 minutes | Best F1-score 0.5819
2025-07-21 10:27:02,087 - INFO - Result | F1:0.5819209039548022 | Epoch:4
2025-07-21 10:27:02,322 - INFO - Best model for inception_v3 saved.
2025-07-21 10:27:02,322 - INFO - Best transfer learning parameters: model=inception_v3, LR=0.0001, Optimizer=adamw, Depth=last_2_layers.
2025-07-21 10:27:02,322 - INFO - Best transfer learning parameters: model=inception_v3, LR=0.0001, Optimizer=adamw, Depth=last_2_layers.
2025-07-21 10:27:02,322 - INFO - Best transfer learning parameters: model=inception_v3, LR=0.0001, Optimizer=adamw, Depth=last_2_layers.
2025-07-21 10:27:02,322 - INFO - inception_v3 complete | Total time: 305.5 minutes.
